stream,logical,numerical,verbal,creative,interest_coding,interest_data,interest_design,interest_ai,interest_healthcare,interest_law,interest_government,interest_arts,value_stability,career_path
MPC,78,70,65,50,91,49,29,68,3,2,3,0,2,Software_Developer
MPC,68,79,67,53,91,53,28,60,2,0,0,6,0,Software_Developer
MPC,71,50,65,53,94,60,43,73,0,0,9,6,3,Software_Developer
MPC,78,65,71,37,83,49,34,70,1,0,0,2,0,Software_Developer
MPC,77,71,68,58,86,58,31,50,15,4,1,4,0,Software_Developer
MPC,73,72,56,55,86,60,32,60,7,0,0,2,2,Software_Developer
MPC,83,66,53,55,100,55,26,66,0,0,0,0,1,Software_Developer
MPC,73,71,59,44,87,55,17,68,0,0,0,4,0,Software_Developer
MPC,80,82,70,53,90,52,28,57,4,2,0,0,0,Software_Developer
MPC,74,69,57,41,84,55,29,70,9,0,1,0,4,Software_Developer
MPC,85,73,59,59,93,46,27,70,0,3,12,0,1,Software_Developer
MPC,76,73,63,52,99,64,33,77,2,1,6,2,0,Software_Developer
MPC,77,79,46,52,81,61,33,68,5,4,9,0,0,Software_Developer
MPC,72,69,50,53,81,53,34,60,10,8,3,0,0,Software_Developer
MPC,86,62,43,57,87,56,28,58,4,0,4,4,0,Software_Developer
MPC,72,74,51,46,83,56,36,60,9,12,0,2,0,Software_Developer
MPC,73,65,63,50,89,50,25,63,3,0,0,0,4,Software_Developer
MPC,79,61,59,49,84,52,30,54,3,0,0,0,0,Software_Developer
MPC,77,68,54,54,93,52,26,69,12,0,0,4,6,Software_Developer
MPC,82,67,48,49,83,65,30,64,0,0,0,0,5,Software_Developer
MPC,80,69,55,49,95,44,32,67,6,0,0,0,0,Software_Developer
MPC,76,73,60,40,85,48,25,58,0,18,0,0,0,Software_Developer
MPC,77,67,62,54,83,61,24,79,0,0,0,5,2,Software_Developer
MPC,78,81,58,60,89,41,27,56,3,0,3,7,0,Software_Developer
MPC,79,63,56,51,100,62,29,67,0,0,0,1,10,Software_Developer
MPC,85,67,54,43,100,39,37,64,4,6,0,9,2,Software_Developer
MPC,81,75,73,31,97,47,29,68,10,8,0,14,1,Software_Developer
MPC,82,66,70,51,88,53,31,59,0,2,1,5,15,Software_Developer
MPC,74,66,58,58,90,64,34,51,0,1,4,11,6,Software_Developer
MPC,71,65,65,54,92,54,38,61,9,5,0,0,2,Software_Developer
MPC,86,69,60,49,94,65,41,77,9,0,0,0,0,Software_Developer
MPC,72,74,51,47,86,52,41,61,0,9,8,2,0,Software_Developer
MPC,75,66,56,52,91,63,35,63,0,0,3,1,0,Software_Developer
MPC,68,71,53,44,100,57,38,68,0,0,0,9,0,Software_Developer
MPC,70,58,72,41,96,52,21,64,5,12,0,0,2,Software_Developer
MPC,75,65,61,54,91,56,25,52,12,11,0,0,0,Software_Developer
MPC,60,65,59,46,76,63,25,74,0,0,1,4,0,Software_Developer
MPC,75,61,56,54,76,64,23,68,0,0,1,4,0,Software_Developer
MPC,76,68,59,43,85,53,38,58,12,4,3,0,0,Software_Developer
MPC,79,69,53,50,95,55,28,68,0,9,0,2,0,Software_Developer
MPC,83,75,59,38,90,51,48,74,4,4,6,9,4,Software_Developer
MPC,83,57,73,56,100,60,29,59,0,7,0,0,5,Software_Developer
MPC,80,67,68,54,84,42,23,61,0,0,13,0,0,Software_Developer
MPC,87,75,67,56,91,49,34,56,0,0,9,0,4,Software_Developer
MPC,85,72,69,55,96,47,29,56,0,0,0,2,12,Software_Developer
MPC,77,78,63,44,89,45,21,68,0,1,3,2,0,Software_Developer
MPC,80,76,57,47,98,58,25,56,3,0,1,0,3,Software_Developer
MPC,80,70,71,54,98,54,36,72,0,0,2,9,0,Software_Developer
MPC,76,61,47,51,100,65,33,54,0,0,7,0,6,Software_Developer
MPC,81,65,60,57,96,50,27,63,1,12,0,0,0,Software_Developer
MPC,64,79,58,52,91,58,30,62,16,0,10,0,0,Software_Developer
MPC,89,75,58,37,84,52,33,62,0,0,6,3,0,Software_Developer
MPC,68,71,55,49,99,58,15,66,0,2,0,2,0,Software_Developer
MPC,80,63,49,56,100,52,29,71,0,2,0,10,0,Software_Developer
MPC,72,70,52,54,92,49,27,65,0,0,10,0,10,Software_Developer
MPC,86,70,53,37,99,65,28,69,0,3,2,0,3,Software_Developer
MPC,81,75,58,39,93,47,26,67,0,0,0,0,1,Software_Developer
MPC,92,70,56,40,97,50,19,64,2,4,2,0,0,Software_Developer
MPC,73,70,66,51,96,67,32,68,0,0,9,0,0,Software_Developer
MPC,71,58,53,50,94,46,36,64,5,8,0,4,9,Software_Developer
MPC,73,63,50,46,89,59,37,48,22,0,2,0,0,Software_Developer
MPC,88,77,51,43,91,52,32,68,17,3,0,0,0,Software_Developer
MPC,87,74,67,52,98,67,42,75,0,0,10,0,0,Software_Developer
MPC,88,76,64,42,90,64,29,65,0,15,1,0,0,Software_Developer
MPC,81,61,56,51,96,49,27,60,0,19,7,9,0,Software_Developer
MPC,75,62,66,43,94,49,26,76,1,12,0,5,0,Software_Developer
MPC,81,73,65,45,98,52,35,64,4,3,0,0,14,Software_Developer
MPC,90,70,68,49,81,41,29,84,3,0,0,0,0,Software_Developer
MPC,91,67,61,54,85,62,33,71,2,0,6,0,0,Software_Developer
MPC,77,68,55,46,85,62,18,67,2,0,0,0,12,Software_Developer
MPC,81,70,50,59,85,48,6,67,11,0,0,0,0,Software_Developer
MPC,75,54,64,36,96,47,15,60,0,2,0,0,0,Software_Developer
MPC,77,71,51,48,96,64,27,61,0,25,0,0,0,Software_Developer
MPC,66,75,61,59,83,41,33,62,0,2,0,0,6,Software_Developer
MPC,85,79,64,48,91,45,21,58,0,0,0,9,1,Software_Developer
MPC,74,87,57,55,94,54,16,63,0,8,5,5,0,Software_Developer
MPC,78,64,56,55,89,51,33,60,0,4,0,1,0,Software_Developer
MPC,72,73,59,39,87,49,35,62,0,0,0,6,9,Software_Developer
MPC,77,68,48,45,100,54,23,63,11,0,0,8,1,Software_Developer
MPC,78,72,64,50,83,53,25,60,0,5,0,4,0,Software_Developer
MPC,78,61,71,39,100,51,32,63,0,0,0,0,8,Software_Developer
MPC,75,65,48,40,94,59,24,65,3,6,0,3,2,Software_Developer
MPC,79,68,62,50,82,60,26,68,5,0,3,3,0,Software_Developer
MPC,73,70,57,45,82,48,32,66,5,3,0,0,0,Software_Developer
MPC,75,71,66,41,86,53,37,65,6,6,6,13,5,Software_Developer
MPC,100,73,59,45,81,54,27,45,0,0,3,1,0,Software_Developer
MPC,78,74,57,60,83,63,26,52,2,0,13,0,0,Software_Developer
MPC,76,70,62,45,80,53,32,71,0,11,0,0,0,Software_Developer
MPC,77,72,55,56,78,46,39,72,0,4,0,0,0,Software_Developer
MPC,81,77,63,59,91,45,26,74,3,0,3,7,0,Software_Developer
MPC,79,95,65,50,57,86,35,54,0,0,9,0,0,Data_Analyst
MPC,83,85,72,38,59,92,40,68,0,0,12,0,18,Data_Analyst
MPC,81,77,82,50,55,95,18,65,4,0,5,0,6,Data_Analyst
MPC,80,91,56,46,58,89,20,52,0,11,2,0,0,Data_Analyst
MPC,71,83,49,33,51,84,20,76,2,0,1,0,0,Data_Analyst
MPC,80,85,65,36,51,97,24,57,5,1,8,0,11,Data_Analyst
MPC,67,85,61,40,63,84,22,53,12,2,0,0,0,Data_Analyst
MPC,68,83,68,54,57,92,19,52,0,0,15,2,15,Data_Analyst
MPC,70,88,65,40,44,96,13,51,0,5,8,2,0,Data_Analyst
MPC,84,89,62,43,55,93,30,58,0,0,0,0,0,Data_Analyst
MPC,83,82,64,45,49,87,25,63,0,0,8,6,0,Data_Analyst
MPC,82,88,64,39,43,95,17,63,0,0,0,1,0,Data_Analyst
MPC,73,87,61,39,63,92,24,57,0,5,0,0,0,Data_Analyst
MPC,81,90,64,41,52,88,27,61,0,9,2,0,1,Data_Analyst
MPC,70,88,81,59,47,93,34,65,7,0,7,0,0,Data_Analyst
MPC,78,90,66,55,65,88,26,47,5,0,0,0,0,Data_Analyst
MPC,76,87,59,47,48,98,20,63,6,4,0,0,0,Data_Analyst
MPC,80,79,59,42,59,89,20,64,6,0,0,0,9,Data_Analyst
MPC,76,80,71,54,54,90,22,59,1,3,0,7,5,Data_Analyst
MPC,82,93,59,48,59,96,25,51,0,4,8,0,3,Data_Analyst
MPC,70,80,56,46,57,94,31,68,0,2,0,0,0,Data_Analyst
MPC,71,69,74,45,54,78,20,58,0,2,1,3,18,Data_Analyst
MPC,73,85,63,55,53,95,28,57,9,0,0,8,10,Data_Analyst
MPC,74,88,79,47,54,92,30,65,0,0,0,9,2,Data_Analyst
MPC,71,86,66,42,56,95,21,64,0,0,0,0,6,Data_Analyst
MPC,71,90,69,48,59,97,29,54,3,0,0,0,0,Data_Analyst
MPC,79,100,60,56,55,88,27,61,0,0,0,5,3,Data_Analyst
MPC,72,87,76,38,48,82,27,59,0,3,0,3,0,Data_Analyst
MPC,73,64,57,49,52,98,31,57,3,0,2,0,0,Data_Analyst
MPC,76,81,67,45,42,98,25,53,0,6,12,6,7,Data_Analyst
MPC,78,80,54,43,58,89,27,49,0,0,2,1,2,Data_Analyst
MPC,85,82,61,42,64,85,17,54,0,0,0,7,0,Data_Analyst
MPC,75,73,61,52,59,87,39,58,2,3,13,0,0,Data_Analyst
MPC,71,86,63,51,42,85,20,55,0,1,0,2,8,Data_Analyst
MPC,77,86,67,36,54,98,23,64,4,0,0,0,7,Data_Analyst
MPC,68,87,55,54,64,81,26,75,0,8,7,12,4,Data_Analyst
MPC,64,78,72,54,62,95,19,52,0,0,2,0,0,Data_Analyst
MPC,81,82,72,50,46,93,11,59,2,0,0,0,14,Data_Analyst
MPC,56,80,53,51,53,95,20,71,0,5,3,0,10,Data_Analyst
MPC,76,90,66,36,56,86,21,71,4,1,8,1,0,Data_Analyst
MPC,67,81,61,51,57,92,26,55,0,0,0,7,8,Data_Analyst
MPC,78,78,63,38,48,87,22,69,5,10,0,10,5,Data_Analyst
MPC,75,88,56,46,51,89,14,48,0,0,8,4,0,Data_Analyst
MPC,85,71,63,25,44,90,15,69,7,0,1,10,0,Data_Analyst
MPC,66,90,64,41,49,100,31,57,4,0,0,7,4,Data_Analyst
MPC,91,80,72,41,35,91,23,48,5,0,0,0,0,Data_Analyst
MPC,56,78,68,52,60,94,21,56,0,0,0,1,3,Data_Analyst
MPC,80,82,64,27,62,83,28,51,13,25,0,7,0,Data_Analyst
MPC,77,90,59,32,61,80,33,62,0,0,0,3,2,Data_Analyst
MPC,88,79,58,48,64,91,26,66,0,0,0,11,4,Data_Analyst
MPC,70,83,54,51,51,96,24,56,0,7,0,2,0,Data_Analyst
MPC,90,78,70,43,44,100,23,62,0,0,5,0,3,Data_Analyst
MPC,71,88,60,36,62,83,24,48,6,4,0,0,0,Data_Analyst
MPC,66,91,64,63,46,95,33,66,0,5,5,0,12,Data_Analyst
MPC,70,83,84,49,58,87,30,55,0,0,0,0,0,Data_Analyst
MPC,76,85,59,59,58,93,32,62,4,0,0,0,7,Data_Analyst
MPC,83,77,56,37,49,100,34,69,0,2,0,0,2,Data_Analyst
MPC,80,76,62,53,59,86,32,55,0,0,17,0,0,Data_Analyst
MPC,94,86,67,30,52,83,18,60,6,11,0,4,0,Data_Analyst
MPC,84,83,71,30,53,92,21,65,0,0,0,0,0,Data_Analyst
MPC,93,78,67,61,55,74,17,62,2,0,12,1,2,Data_Analyst
MPC,62,95,61,35,62,91,21,67,0,0,3,0,0,Data_Analyst
MPC,75,83,57,45,57,81,24,65,16,0,0,3,0,Data_Analyst
MPC,88,75,72,40,57,87,21,67,3,0,0,5,0,Data_Analyst
MPC,63,88,57,44,36,100,21,57,0,2,3,0,0,Data_Analyst
MPC,73,78,70,37,55,86,22,72,2,0,0,0,0,Data_Analyst
MPC,69,90,45,58,52,92,23,59,8,0,6,0,7,Data_Analyst
MPC,67,96,63,47,51,93,17,67,20,0,4,8,0,Data_Analyst
MPC,78,67,57,37,49,91,14,60,11,12,0,0,8,Data_Analyst
MPC,69,81,57,44,46,97,10,51,7,5,0,0,0,Data_Analyst
MPC,66,78,69,46,48,93,26,68,9,0,5,0,0,Data_Analyst
MPC,61,86,68,37,58,94,37,55,4,3,4,0,0,Data_Analyst
MPC,78,84,63,53,44,78,26,69,1,9,0,1,0,Data_Analyst
MPC,71,100,66,47,58,88,19,72,0,0,6,1,2,Data_Analyst
MPC,83,92,61,54,50,79,28,58,11,2,0,9,2,Data_Analyst
MPC,72,80,57,37,46,99,12,68,0,11,3,1,7,Data_Analyst
MPC,66,80,60,41,58,85,17,59,0,1,0,6,0,Data_Analyst
MPC,75,87,68,43,56,94,34,63,0,0,2,0,0,Data_Analyst
MPC,74,91,76,40,43,95,11,66,0,0,0,2,0,Data_Analyst
MPC,84,91,58,55,57,96,20,66,0,0,0,1,1,Data_Analyst
MPC,67,82,52,48,45,95,31,62,6,1,0,11,1,Data_Analyst
MPC,69,77,48,31,67,93,20,67,15,0,0,8,0,Data_Analyst
MPC,67,87,63,28,59,90,18,56,0,0,0,10,0,Data_Analyst
MPC,68,93,80,52,43,85,18,65,3,0,0,10,0,Data_Analyst
MPC,73,85,61,51,52,93,30,56,0,0,2,0,12,Data_Analyst
MPC,61,82,65,50,58,84,19,56,3,0,5,0,4,Data_Analyst
MPC,82,95,53,36,60,85,32,53,0,0,0,13,0,Data_Analyst
MPC,68,91,69,46,53,95,27,62,2,7,3,8,9,Data_Analyst
MPC,66,92,59,56,48,93,20,59,4,12,0,11,0,Data_Analyst
MPC,72,75,64,42,66,73,30,58,0,11,2,0,0,Data_Analyst
MPC,86,62,57,42,64,74,17,100,0,0,0,0,0,AI_ML_Engineer
MPC,89,79,55,46,69,61,25,100,12,0,13,0,5,AI_ML_Engineer
MPC,83,69,73,48,70,69,17,98,8,0,14,0,0,AI_ML_Engineer
MPC,85,81,62,43,72,65,18,83,2,0,0,0,10,AI_ML_Engineer
MPC,77,66,63,35,64,72,18,100,6,0,0,0,0,AI_ML_Engineer
MPC,88,82,48,49,80,65,24,100,0,10,6,5,0,AI_ML_Engineer
MPC,94,78,59,39,67,80,17,100,0,0,0,0,0,AI_ML_Engineer
MPC,85,73,54,45,69,73,9,82,0,15,0,0,7,AI_ML_Engineer
MPC,86,69,66,45,69,67,17,100,0,0,0,0,0,AI_ML_Engineer
MPC,94,81,64,55,73,69,20,100,8,0,0,0,0,AI_ML_Engineer
MPC,78,81,69,44,79,70,19,100,0,11,0,5,2,AI_ML_Engineer
MPC,76,69,53,49,73,60,15,95,0,0,0,0,1,AI_ML_Engineer
MPC,100,83,56,41,73,66,19,90,11,0,14,4,0,AI_ML_Engineer
MPC,87,68,63,44,78,66,29,100,0,0,3,7,0,AI_ML_Engineer
MPC,84,74,63,39,72,61,21,92,0,0,0,0,3,AI_ML_Engineer
MPC,95,69,64,43,70,67,15,92,0,4,0,7,4,AI_ML_Engineer
MPC,83,80,61,22,56,65,13,100,0,0,2,0,0,AI_ML_Engineer
MPC,79,77,59,54,72,62,34,97,9,11,0,0,4,AI_ML_Engineer
MPC,82,77,67,42,83,78,18,97,0,10,0,0,0,AI_ML_Engineer
MPC,82,65,60,54,64,63,28,91,0,2,0,19,4,AI_ML_Engineer
MPC,85,86,54,43,63,78,19,79,0,0,5,2,13,AI_ML_Engineer
MPC,94,83,54,50,78,72,30,91,3,0,4,0,0,AI_ML_Engineer
MPC,85,87,50,41,66,68,22,87,0,2,3,0,0,AI_ML_Engineer
MPC,70,73,68,36,62,68,29,90,0,0,4,6,0,AI_ML_Engineer
MPC,85,77,54,31,67,62,21,95,3,0,0,10,0,AI_ML_Engineer
MPC,83,76,54,41,75,76,3,89,9,0,8,7,0,AI_ML_Engineer
MPC,95,80,68,45,65,59,21,89,0,0,0,0,0,AI_ML_Engineer
MPC,81,70,63,45,78,63,25,95,0,0,5,0,0,AI_ML_Engineer
MPC,97,77,74,40,75,73,25,90,0,7,0,9,6,AI_ML_Engineer
MPC,83,69,63,34,66,78,26,91,0,0,7,3,5,AI_ML_Engineer
MPC,80,76,68,46,88,65,24,88,9,0,0,0,1,AI_ML_Engineer
MPC,84,64,65,42,64,71,15,95,0,0,13,5,0,AI_ML_Engineer
MPC,80,96,56,46,64,69,18,96,0,9,0,2,10,AI_ML_Engineer
MPC,96,83,55,38,77,68,14,100,0,0,12,2,0,AI_ML_Engineer
MPC,95,84,64,27,77,61,25,89,0,0,9,0,4,AI_ML_Engineer
MPC,91,85,77,39,67,64,22,100,3,0,5,0,0,AI_ML_Engineer
MPC,83,83,53,37,64,69,20,91,1,0,0,5,0,AI_ML_Engineer
MPC,90,73,65,46,78,76,29,93,0,1,5,0,0,AI_ML_Engineer
MPC,78,77,55,40,67,67,19,86,0,0,1,4,0,AI_ML_Engineer
MPC,71,83,53,46,74,68,13,82,0,5,2,0,0,AI_ML_Engineer
MPC,98,87,45,49,75,76,20,92,6,0,2,13,0,AI_ML_Engineer
MPC,64,74,51,45,81,75,15,99,0,2,1,0,7,AI_ML_Engineer
MPC,81,92,66,40,66,67,15,100,5,0,0,0,0,AI_ML_Engineer
MPC,89,77,60,41,69,70,18,96,0,0,17,1,0,AI_ML_Engineer
MPC,87,78,57,54,74,75,24,100,1,0,5,0,0,AI_ML_Engineer
MPC,86,75,55,51,66,80,24,100,1,4,0,0,0,AI_ML_Engineer
MPC,79,78,60,39,60,57,19,98,0,0,6,0,0,AI_ML_Engineer
MPC,86,76,56,46,73,71,26,92,15,0,5,0,4,AI_ML_Engineer
MPC,80,81,58,43,68,72,32,91,0,0,1,8,0,AI_ML_Engineer
MPC,82,86,65,49,73,70,19,80,0,0,0,1,6,AI_ML_Engineer
MPC,88,59,53,34,80,70,8,100,4,10,4,0,9,AI_ML_Engineer
MPC,64,82,56,48,74,85,9,94,7,0,0,0,0,AI_ML_Engineer
MPC,83,86,50,47,72,68,15,88,1,0,0,0,0,AI_ML_Engineer
MPC,84,77,49,59,64,73,22,89,6,3,0,0,2,AI_ML_Engineer
MPC,85,90,56,45,59,68,21,90,11,12,0,0,5,AI_ML_Engineer
MPC,98,78,62,45,68,57,13,100,0,0,1,1,0,AI_ML_Engineer
MPC,85,74,46,42,61,58,17,97,2,0,0,0,0,AI_ML_Engineer
MPC,88,68,68,37,75,77,20,88,0,0,6,0,0,AI_ML_Engineer
MPC,79,90,56,43,75,70,20,100,0,1,5,3,0,AI_ML_Engineer
MPC,90,86,49,40,53,59,19,98,3,0,0,0,0,AI_ML_Engineer
MPC,87,90,67,30,69,67,14,88,0,0,0,12,2,AI_ML_Engineer
MPC,78,80,63,48,87,65,9,99,4,0,4,2,0,AI_ML_Engineer
MPC,82,93,57,62,86,74,12,82,2,0,0,0,10,AI_ML_Engineer
MPC,82,71,58,42,83,58,19,90,0,0,0,0,0,AI_ML_Engineer
MPC,78,81,45,44,75,72,7,89,0,0,6,5,10,AI_ML_Engineer
MPC,75,83,57,50,57,70,14,100,0,0,0,1,0,AI_ML_Engineer
MPC,84,84,46,44,65,69,23,87,9,6,4,2,0,AI_ML_Engineer
MPC,87,79,60,49,73,62,12,96,6,9,0,0,0,AI_ML_Engineer
MPC,74,81,67,41,76,67,21,88,0,0,11,17,0,AI_ML_Engineer
MPC,81,67,62,45,70,87,20,78,0,2,0,9,0,AI_ML_Engineer
MPC,82,80,65,58,71,75,21,97,0,0,3,0,11,AI_ML_Engineer
MPC,84,84,64,38,74,70,24,86,0,0,2,8,6,AI_ML_Engineer
MPC,84,83,66,34,69,79,22,98,6,4,0,6,0,AI_ML_Engineer
MPC,79,75,63,42,72,68,17,96,6,0,0,0,0,AI_ML_Engineer
MPC,96,72,74,40,71,76,27,95,0,0,4,3,0,AI_ML_Engineer
MPC,89,82,62,55,82,68,15,95,0,5,9,2,21,AI_ML_Engineer
MPC,77,87,66,42,60,79,22,99,12,0,0,7,0,AI_ML_Engineer
MPC,80,93,67,41,76,79,19,100,11,0,11,3,0,AI_ML_Engineer
MPC,76,87,68,54,68,76,9,91,0,0,0,0,18,AI_ML_Engineer
MPC,86,77,57,38,73,68,18,87,0,0,0,0,0,AI_ML_Engineer
MPC,82,72,43,33,72,74,20,90,0,0,0,0,7,AI_ML_Engineer
MPC,76,87,50,55,70,67,12,98,0,0,0,0,0,AI_ML_Engineer
MPC,90,74,62,56,80,68,23,95,2,0,0,0,0,AI_ML_Engineer
MPC,78,84,58,48,74,75,17,100,0,0,7,5,5,AI_ML_Engineer
MPC,86,76,59,37,72,61,24,83,0,0,0,0,0,AI_ML_Engineer
MPC,92,78,59,40,66,80,26,93,1,0,0,0,0,AI_ML_Engineer
MPC,77,86,64,32,70,70,15,100,9,8,0,10,0,AI_ML_Engineer
MPC,92,81,49,46,73,70,22,84,0,0,0,7,8,AI_ML_Engineer
MPC,78,84,50,38,76,67,11,93,14,0,0,13,0,AI_ML_Engineer
MPC,95,82,61,46,70,78,13,93,15,0,0,2,0,AI_ML_Engineer
MPC,62,59,79,77,32,33,88,35,0,0,0,0,0,UI_UX_Designer
MPC,59,42,81,86,44,28,94,24,0,5,0,6,7,UI_UX_Designer
MPC,70,54,65,88,34,37,90,18,12,0,0,3,1,UI_UX_Designer
MPC,58,48,88,97,39,42,100,23,0,0,0,4,9,UI_UX_Designer
MPC,66,54,78,89,37,27,85,38,8,11,5,8,0,UI_UX_Designer
MPC,68,47,77,99,37,23,92,20,10,0,15,0,0,UI_UX_Designer
MPC,68,62,82,79,34,30,94,23,2,0,0,3,0,UI_UX_Designer
MPC,65,66,73,89,30,19,100,34,0,16,10,6,3,UI_UX_Designer
MPC,68,55,68,96,24,34,100,39,0,1,0,5,2,UI_UX_Designer
MPC,65,59,70,91,37,27,96,19,5,0,1,0,2,UI_UX_Designer
MPC,67,58,63,95,15,24,89,35,0,8,0,7,1,UI_UX_Designer
MPC,59,54,66,89,41,16,97,23,12,0,0,18,4,UI_UX_Designer
MPC,40,46,63,81,39,12,100,37,0,0,0,4,0,UI_UX_Designer
MPC,67,59,55,81,43,30,100,28,0,15,0,1,3,UI_UX_Designer
MPC,71,64,80,93,33,21,82,20,0,0,3,6,0,UI_UX_Designer
MPC,63,64,82,91,46,22,96,26,0,0,0,0,0,UI_UX_Designer
MPC,46,62,75,98,36,23,90,26,0,9,12,0,13,UI_UX_Designer
MPC,72,54,85,80,36,2,100,12,0,0,4,6,0,UI_UX_Designer
MPC,57,50,86,90,35,30,93,31,4,6,0,4,0,UI_UX_Designer
MPC,52,60,91,91,29,26,89,27,0,0,0,3,0,UI_UX_Designer
MPC,51,64,74,100,38,27,93,18,2,0,0,0,5,UI_UX_Designer
MPC,66,58,87,98,43,28,79,24,4,4,3,0,0,UI_UX_Designer
MPC,48,46,78,96,28,23,100,34,0,0,0,7,1,UI_UX_Designer
MPC,64,57,80,76,34,30,86,33,0,2,3,0,7,UI_UX_Designer
MPC,65,64,73,79,41,9,87,25,2,0,6,0,0,UI_UX_Designer
MPC,66,58,66,95,28,14,83,39,0,0,2,0,0,UI_UX_Designer
MPC,76,51,80,87,37,21,92,26,0,8,0,8,0,UI_UX_Designer
MPC,71,53,79,86,36,14,92,32,13,0,2,0,0,UI_UX_Designer
MPC,71,46,72,82,30,14,80,43,0,0,4,1,0,UI_UX_Designer
MPC,65,67,74,89,27,18,91,31,0,0,6,0,0,UI_UX_Designer
MPC,74,65,68,99,31,26,89,15,1,2,12,0,1,UI_UX_Designer
MPC,65,57,68,83,34,33,92,27,0,0,3,7,10,UI_UX_Designer
MPC,54,48,69,79,28,28,95,17,2,2,0,6,0,UI_UX_Designer
MPC,73,43,79,97,39,29,100,24,11,5,0,0,0,UI_UX_Designer
MPC,73,47,70,80,39,31,97,29,0,2,10,0,0,UI_UX_Designer
MPC,74,36,70,86,30,13,84,35,0,0,0,4,0,UI_UX_Designer
MPC,72,47,77,91,22,22,100,42,8,0,3,0,0,UI_UX_Designer
MPC,75,58,67,83,32,21,89,37,2,0,16,6,5,UI_UX_Designer
MPC,62,61,76,86,29,31,98,34,0,1,0,0,0,UI_UX_Designer
MPC,74,55,82,96,34,28,96,31,3,2,13,1,3,UI_UX_Designer
MPC,69,59,69,91,28,22,98,28,0,5,0,5,0,UI_UX_Designer
MPC,51,57,67,69,47,24,90,20,1,2,0,0,2,UI_UX_Designer
MPC,73,50,70,89,19,26,91,29,5,0,0,0,3,UI_UX_Designer
MPC,71,41,70,86,43,43,93,20,0,3,0,0,0,UI_UX_Designer
MPC,76,55,77,73,45,29,98,19,0,5,10,0,0,UI_UX_Designer
MPC,74,63,69,84,21,10,89,28,0,0,8,0,4,UI_UX_Designer
MPC,64,55,81,91,41,21,91,36,0,0,2,0,12,UI_UX_Designer
MPC,72,59,62,91,39,21,98,33,10,10,0,0,0,UI_UX_Designer
MPC,69,60,73,87,20,19,100,33,8,0,0,0,3,UI_UX_Designer
MPC,66,50,84,92,28,22,100,23,7,11,0,2,8,UI_UX_Designer
MPC,77,46,82,99,47,16,97,31,0,3,5,0,0,UI_UX_Designer
MPC,61,60,80,96,31,11,98,37,0,4,7,0,0,UI_UX_Designer
MPC,61,47,73,89,41,36,95,17,0,0,0,0,5,UI_UX_Designer
MPC,71,64,84,92,38,19,78,30,0,0,3,13,2,UI_UX_Designer
MPC,63,50,69,100,33,33,90,33,1,0,0,0,15,UI_UX_Designer
MPC,54,54,79,100,35,19,85,24,12,0,0,1,7,UI_UX_Designer
MPC,66,63,75,94,31,10,100,18,0,0,0,0,0,UI_UX_Designer
MPC,65,57,72,98,31,26,96,36,4,2,0,0,6,UI_UX_Designer
MPC,66,58,71,95,37,16,99,42,3,0,3,17,0,UI_UX_Designer
MPC,64,61,77,95,44,24,96,18,0,0,0,0,0,UI_UX_Designer
MPC,63,54,68,80,36,26,100,18,1,4,0,0,0,UI_UX_Designer
MPC,72,57,88,90,37,21,95,16,0,2,10,0,3,UI_UX_Designer
MPC,75,57,75,82,25,20,89,35,2,12,9,0,0,UI_UX_Designer
MPC,74,55,72,83,29,20,94,32,13,1,11,0,0,UI_UX_Designer
MPC,59,53,78,88,37,7,100,32,2,0,0,0,5,UI_UX_Designer
MPC,66,51,67,95,34,28,97,47,0,0,1,0,5,UI_UX_Designer
MPC,62,57,76,82,42,13,93,15,0,3,2,0,0,UI_UX_Designer
MPC,49,63,57,81,27,15,88,26,0,3,9,0,3,UI_UX_Designer
MPC,71,52,80,88,33,21,100,23,15,0,0,0,0,UI_UX_Designer
MPC,72,50,77,99,27,31,87,27,0,0,0,0,4,UI_UX_Designer
MPC,73,51,69,84,41,15,100,26,0,0,0,5,0,UI_UX_Designer
MPC,70,40,68,94,43,28,100,36,0,1,1,6,3,UI_UX_Designer
MPC,60,52,82,86,28,10,100,29,0,0,7,3,0,UI_UX_Designer
MPC,75,51,68,89,17,27,94,39,0,0,0,0,0,UI_UX_Designer
MPC,54,55,75,90,44,24,89,32,3,0,0,0,0,UI_UX_Designer
MPC,72,57,76,82,46,22,98,36,2,4,1,1,5,UI_UX_Designer
MPC,71,59,88,99,31,35,97,18,1,11,11,0,8,UI_UX_Designer
MPC,67,57,75,85,37,27,100,29,8,12,0,2,0,UI_UX_Designer
MPC,63,62,77,100,44,22,91,29,9,0,1,2,1,UI_UX_Designer
MPC,55,60,85,92,33,10,99,29,0,2,6,0,0,UI_UX_Designer
MPC,64,51,67,90,34,31,97,17,0,0,0,1,7,UI_UX_Designer
MPC,62,51,90,100,27,37,97,30,0,1,0,0,0,UI_UX_Designer
MPC,57,47,76,95,34,25,92,28,0,0,3,1,3,UI_UX_Designer
MPC,67,60,78,84,52,24,93,33,0,0,5,8,0,UI_UX_Designer
MPC,60,45,80,90,41,33,88,22,0,15,0,0,12,UI_UX_Designer
MPC,52,52,66,93,35,37,100,22,12,0,0,0,0,UI_UX_Designer
MPC,61,60,84,74,31,35,88,28,7,0,0,2,3,UI_UX_Designer
MPC,77,61,68,89,43,16,94,38,0,8,0,14,1,UI_UX_Designer
MPC,68,61,74,91,41,23,100,24,0,0,0,9,0,UI_UX_Designer
MPC,62,54,67,85,31,22,98,42,9,2,0,6,5,UI_UX_Designer
BiPC,67,53,67,54,0,0,0,0,86,4,0,0,0,MBBS
BiPC,62,45,55,53,9,4,0,5,93,8,1,2,0,MBBS
BiPC,68,49,66,62,1,1,12,0,100,0,0,0,10,MBBS
BiPC,59,45,68,53,0,0,0,0,95,4,0,0,0,MBBS
BiPC,64,66,59,45,0,0,0,0,91,0,0,0,0,MBBS
BiPC,66,53,56,49,12,0,2,14,100,0,0,8,6,MBBS
BiPC,58,54,69,57,9,0,6,0,86,1,3,2,0,MBBS
BiPC,80,67,70,50,14,9,0,0,100,0,3,0,5,MBBS
BiPC,61,35,68,68,0,6,0,0,100,0,13,0,0,MBBS
BiPC,67,51,71,50,2,0,0,0,92,3,0,0,0,MBBS
BiPC,66,66,77,45,0,0,0,14,98,0,0,0,0,MBBS
BiPC,72,56,70,55,0,0,9,1,88,3,0,0,6,MBBS
BiPC,75,53,58,53,5,0,0,0,92,0,18,11,0,MBBS
BiPC,56,52,70,63,2,2,5,0,92,4,5,0,0,MBBS
BiPC,57,61,73,50,2,0,0,0,88,3,0,5,0,MBBS
BiPC,64,51,68,54,0,5,0,0,94,0,0,0,0,MBBS
BiPC,68,63,67,41,11,0,8,0,100,0,4,13,5,MBBS
BiPC,60,55,63,71,12,0,0,2,90,0,0,0,12,MBBS
BiPC,67,51,72,55,0,2,0,2,89,0,0,0,3,MBBS
BiPC,72,54,81,56,0,0,1,9,97,17,0,5,0,MBBS
BiPC,56,53,67,57,0,0,0,0,99,0,0,4,3,MBBS
BiPC,68,73,52,54,0,0,0,0,92,1,10,14,1,MBBS
BiPC,63,54,64,70,5,0,0,0,100,0,0,0,0,MBBS
BiPC,70,63,81,42,0,0,6,0,99,1,0,14,4,MBBS
BiPC,68,55,82,35,0,0,4,12,100,2,0,3,0,MBBS
BiPC,56,57,73,52,6,1,0,0,100,0,16,0,9,MBBS
BiPC,70,64,71,39,0,0,5,0,86,0,0,0,0,MBBS
BiPC,56,54,76,56,9,0,0,0,87,8,0,2,0,MBBS
BiPC,52,55,69,57,0,6,0,0,84,0,6,0,1,MBBS
BiPC,71,57,63,63,0,1,5,0,99,0,10,0,0,MBBS
BiPC,65,57,81,63,11,0,0,0,100,5,1,1,4,MBBS
BiPC,73,67,78,58,0,5,6,4,97,0,0,0,0,MBBS
BiPC,58,45,77,57,0,0,0,0,99,0,12,15,0,MBBS
BiPC,65,50,64,54,5,10,0,0,88,0,0,0,0,MBBS
BiPC,60,62,61,57,0,0,4,6,85,0,4,0,0,MBBS
BiPC,66,60,67,55,0,0,4,0,100,2,7,10,8,MBBS
BiPC,70,58,68,18,0,0,0,0,95,2,0,0,0,MBBS
BiPC,76,50,73,45,0,0,0,0,91,0,0,2,11,MBBS
BiPC,58,47,62,48,8,2,6,1,96,7,0,0,3,MBBS
BiPC,67,52,62,50,7,0,0,7,93,0,3,6,1,MBBS
BiPC,71,60,68,58,0,0,0,5,100,0,5,2,5,MBBS
BiPC,52,61,60,56,0,0,14,0,93,0,1,1,0,MBBS
BiPC,69,48,74,37,0,0,0,11,74,0,10,0,0,MBBS
BiPC,66,59,80,46,8,0,0,0,97,0,6,0,5,MBBS
BiPC,64,55,76,47,0,1,7,0,100,2,0,3,4,MBBS
BiPC,64,62,63,56,0,0,4,0,100,1,3,0,17,MBBS
BiPC,63,63,74,43,4,7,0,0,95,2,13,5,0,MBBS
BiPC,65,57,61,55,0,8,8,0,100,2,2,5,0,MBBS
BiPC,62,50,73,56,0,0,0,12,94,0,1,0,1,MBBS
BiPC,67,54,73,48,0,12,2,0,95,1,0,0,0,MBBS
BiPC,59,56,68,51,2,0,0,6,100,1,0,0,2,MBBS
BiPC,56,62,68,50,0,0,0,0,93,0,0,12,0,MBBS
BiPC,67,61,70,62,6,4,0,0,97,0,0,0,2,MBBS
BiPC,67,56,71,51,0,0,12,0,83,4,0,2,5,MBBS
BiPC,68,48,53,39,0,3,0,0,83,3,0,5,6,MBBS
BiPC,70,58,78,51,1,0,0,2,100,17,8,0,0,MBBS
BiPC,55,60,60,55,0,0,0,0,94,0,0,3,0,MBBS
BiPC,69,52,78,65,3,4,4,0,96,0,9,8,2,MBBS
BiPC,59,62,72,52,0,0,2,0,98,0,0,14,0,MBBS
BiPC,63,47,77,52,1,3,0,7,97,0,0,0,0,MBBS
BiPC,56,50,68,45,0,0,0,0,85,0,0,5,0,MBBS
BiPC,49,47,57,51,0,6,2,13,91,0,0,0,3,MBBS
BiPC,74,53,76,43,17,0,2,0,100,0,1,9,5,MBBS
BiPC,60,49,69,54,0,0,3,2,91,7,7,0,4,MBBS
BiPC,52,58,67,45,3,7,0,0,99,0,0,0,0,MBBS
BiPC,68,57,65,44,0,0,9,0,100,0,0,0,4,MBBS
BiPC,67,50,67,65,0,0,0,3,100,0,0,3,2,MBBS
BiPC,68,49,68,52,0,8,5,0,86,10,11,0,4,MBBS
BiPC,66,58,61,50,0,0,0,7,99,8,3,5,5,MBBS
BiPC,64,55,76,60,3,0,0,7,98,14,0,0,0,MBBS
BiPC,59,44,68,35,2,3,0,13,99,0,0,3,7,MBBS
BiPC,62,57,76,58,10,5,0,4,89,0,10,0,0,MBBS
BiPC,63,52,73,43,0,0,0,0,100,7,11,7,0,MBBS
BiPC,75,49,79,47,2,22,0,4,89,0,0,22,2,MBBS
BiPC,64,72,70,48,17,2,13,7,97,0,9,0,0,MBBS
BiPC,65,61,60,63,0,8,0,0,99,3,0,14,0,MBBS
BiPC,66,61,62,44,11,5,2,1,97,5,4,1,13,MBBS
BiPC,68,58,86,73,3,0,3,0,98,0,0,4,1,MBBS
BiPC,74,57,70,38,0,3,12,0,100,6,13,5,0,MBBS
BiPC,65,55,85,59,0,2,2,0,94,0,5,8,0,MBBS
BiPC,62,56,61,50,10,0,0,0,89,0,3,6,0,MBBS
BiPC,58,44,68,44,15,0,0,7,94,1,7,0,14,MBBS
BiPC,58,59,73,51,4,0,12,0,97,0,0,0,0,MBBS
BiPC,65,58,70,54,0,10,0,2,97,8,4,6,0,MBBS
BiPC,62,42,74,53,0,0,0,0,93,10,0,8,8,MBBS
BiPC,68,43,64,45,0,4,8,0,84,12,0,0,2,MBBS
BiPC,66,61,84,58,0,0,0,0,90,1,0,10,0,MBBS
BiPC,61,51,73,48,1,2,3,0,100,3,6,0,7,MBBS
BiPC,59,42,69,50,0,0,0,0,86,6,0,0,0,MBBS
BiPC,79,54,74,59,2,3,0,0,100,2,15,0,0,MBBS
BiPC,66,51,62,57,9,12,2,0,82,0,5,0,1,BDS
BiPC,61,44,62,55,0,8,0,1,93,2,3,0,4,BDS
BiPC,56,49,63,67,0,1,0,13,96,0,0,16,0,BDS
BiPC,56,51,72,59,9,3,12,0,95,0,4,0,0,BDS
BiPC,62,64,72,57,2,2,6,0,87,4,0,10,0,BDS
BiPC,75,44,59,59,9,0,4,3,80,0,0,7,4,BDS
BiPC,56,46,65,62,0,0,0,2,81,1,2,0,0,BDS
BiPC,51,38,70,55,0,0,0,0,69,0,0,0,0,BDS
BiPC,70,56,74,46,2,0,0,7,94,0,0,6,3,BDS
BiPC,51,57,55,59,11,0,5,4,82,2,1,0,0,BDS
BiPC,64,44,55,55,2,10,2,3,86,10,3,1,0,BDS
BiPC,58,55,64,45,11,10,11,4,88,7,0,11,0,BDS
BiPC,64,37,83,57,4,1,1,3,93,7,0,0,3,BDS
BiPC,72,44,74,55,0,11,0,8,86,0,0,10,5,BDS
BiPC,50,47,58,62,0,0,0,21,78,0,4,2,3,BDS
BiPC,74,43,82,61,7,0,0,0,80,6,0,8,0,BDS
BiPC,59,54,75,55,0,1,11,23,81,2,2,7,0,BDS
BiPC,67,49,65,55,9,9,1,0,79,0,1,0,0,BDS
BiPC,62,40,66,60,0,0,10,1,88,8,0,0,0,BDS
BiPC,71,63,70,56,0,0,0,0,75,5,0,0,10,BDS
BiPC,45,38,67,49,0,0,2,13,97,0,0,0,1,BDS
BiPC,58,38,62,49,0,5,0,1,80,10,0,1,0,BDS
BiPC,56,44,64,64,0,0,3,0,73,0,0,1,3,BDS
BiPC,63,45,68,67,1,9,0,0,70,0,0,0,10,BDS
BiPC,70,49,57,47,0,5,0,3,83,9,0,0,7,BDS
BiPC,53,58,63,58,0,13,0,0,82,0,8,0,6,BDS
BiPC,57,61,70,54,0,3,0,9,91,2,13,18,0,BDS
BiPC,75,51,74,51,0,0,0,0,86,0,0,0,0,BDS
BiPC,51,47,60,62,4,14,0,0,83,0,4,9,0,BDS
BiPC,65,57,48,55,3,6,0,0,74,1,2,7,0,BDS
BiPC,71,58,71,55,0,1,7,1,88,0,0,1,3,BDS
BiPC,56,61,75,73,0,0,0,0,100,0,0,3,0,BDS
BiPC,71,44,57,51,8,0,0,0,92,0,0,0,0,BDS
BiPC,52,45,68,51,1,3,3,0,84,0,0,3,1,BDS
BiPC,67,46,61,57,0,7,0,0,71,2,0,2,0,BDS
BiPC,57,42,69,66,2,3,3,1,83,6,5,0,1,BDS
BiPC,50,49,61,51,0,0,0,15,79,0,12,0,4,BDS
BiPC,56,54,73,52,2,0,11,5,83,0,5,0,8,BDS
BiPC,73,44,69,54,0,2,2,0,84,2,0,0,0,BDS
BiPC,62,60,76,58,6,0,15,0,81,0,4,0,6,BDS
BiPC,61,40,65,42,0,10,0,0,72,0,0,0,0,BDS
BiPC,70,50,73,53,7,0,0,0,98,1,8,0,0,BDS
BiPC,60,50,76,49,0,2,0,6,86,3,9,6,6,BDS
BiPC,63,59,70,37,8,0,0,0,86,0,0,0,0,BDS
BiPC,59,43,71,55,0,4,0,0,82,0,1,0,13,BDS
BiPC,58,52,68,58,0,0,0,0,94,8,0,0,7,BDS
BiPC,60,43,72,46,0,8,12,0,90,3,0,0,0,BDS
BiPC,53,53,66,48,12,0,0,6,96,5,0,2,0,BDS
BiPC,68,57,63,66,0,0,0,0,89,0,0,0,0,BDS
BiPC,58,55,61,55,0,14,0,6,82,10,0,0,0,BDS
BiPC,56,56,59,47,0,0,0,7,83,3,1,13,0,BDS
BiPC,60,58,70,54,0,5,0,0,87,10,0,1,0,BDS
BiPC,61,40,63,63,4,0,0,0,92,3,1,0,12,BDS
BiPC,62,58,75,49,0,0,17,0,96,0,0,0,0,BDS
BiPC,60,59,54,49,0,0,9,11,83,0,7,0,10,BDS
BiPC,64,46,70,53,13,0,0,9,79,3,0,8,0,BDS
BiPC,52,57,77,60,0,0,0,0,77,11,0,0,0,BDS
BiPC,57,55,72,53,5,0,0,1,80,0,0,0,4,BDS
BiPC,69,59,81,64,0,3,6,3,75,0,4,0,0,BDS
BiPC,67,57,62,52,0,6,2,9,91,0,0,1,7,BDS
BiPC,61,32,62,49,0,0,0,3,85,11,2,0,0,BDS
BiPC,60,44,73,44,0,0,5,0,81,0,3,2,0,BDS
BiPC,60,52,69,55,0,0,0,0,79,0,0,6,1,BDS
BiPC,60,62,49,57,3,0,0,0,88,13,13,0,0,BDS
BiPC,64,51,77,59,0,0,0,3,81,0,0,0,0,BDS
BiPC,52,52,62,59,7,1,0,7,86,2,9,0,0,BDS
BiPC,62,54,60,61,3,0,0,0,100,0,0,4,14,BDS
BiPC,58,55,78,53,0,7,2,0,95,1,2,15,1,BDS
BiPC,63,32,74,52,0,0,0,2,85,12,0,13,0,BDS
BiPC,55,42,68,49,1,5,0,0,89,2,3,4,0,BDS
BiPC,63,52,86,52,0,0,4,2,86,0,2,3,0,BDS
BiPC,56,51,60,57,0,0,0,6,81,6,8,0,0,BDS
BiPC,48,53,68,49,7,7,0,0,86,0,0,3,5,BDS
BiPC,59,48,59,49,0,8,0,0,87,0,9,0,0,BDS
BiPC,67,55,71,60,0,9,14,0,76,2,2,0,4,BDS
BiPC,57,56,55,62,0,11,0,6,85,0,0,0,7,BDS
BiPC,58,51,77,41,2,0,0,12,82,1,0,0,1,BDS
BiPC,68,55,65,48,0,0,0,0,77,0,1,0,0,BDS
BiPC,52,73,65,53,0,6,8,4,91,0,0,8,7,BDS
BiPC,62,54,55,47,3,2,7,0,91,1,5,0,15,BDS
BiPC,70,57,76,68,8,3,0,4,79,0,9,4,12,BDS
BiPC,67,42,73,67,0,0,8,2,84,0,8,0,0,BDS
BiPC,58,64,64,48,0,0,2,0,92,0,10,0,0,BDS
BiPC,52,53,64,65,0,11,0,0,88,6,0,0,0,BDS
BiPC,58,48,60,60,0,0,0,0,96,2,0,0,11,BDS
BiPC,59,46,67,58,1,0,3,0,88,0,7,6,0,BDS
BiPC,52,49,48,66,0,0,0,8,90,0,0,0,0,BDS
BiPC,53,54,62,52,8,4,0,10,88,0,4,0,0,BDS
BiPC,61,46,70,47,0,4,0,0,88,0,18,0,0,BDS
BiPC,62,53,76,61,0,1,4,0,93,1,0,0,13,BDS
BiPC,58,48,58,40,0,0,4,0,83,0,3,1,0,Pharmacy
BiPC,59,66,66,40,0,0,0,2,76,2,0,2,0,Pharmacy
BiPC,61,56,55,53,0,0,0,0,78,7,3,0,1,Pharmacy
BiPC,55,64,61,50,4,0,0,0,68,0,20,2,3,Pharmacy
BiPC,66,69,61,44,0,0,0,0,75,9,3,0,1,Pharmacy
BiPC,82,52,62,34,0,12,0,0,83,8,0,5,0,Pharmacy
BiPC,66,64,56,48,0,0,1,0,57,0,10,4,0,Pharmacy
BiPC,78,61,49,52,4,0,0,0,72,1,1,0,0,Pharmacy
BiPC,66,60,58,48,5,0,8,1,78,3,0,3,0,Pharmacy
BiPC,73,55,64,43,0,7,0,0,68,0,0,5,2,Pharmacy
BiPC,59,55,45,42,0,6,0,4,76,1,0,4,0,Pharmacy
BiPC,56,40,68,50,0,0,11,5,80,2,0,1,14,Pharmacy
BiPC,64,56,54,46,0,2,0,8,73,3,0,7,0,Pharmacy
BiPC,53,56,54,49,0,7,2,1,78,0,13,0,0,Pharmacy
BiPC,63,50,53,48,0,0,10,4,79,0,0,3,2,Pharmacy
BiPC,72,63,74,52,0,4,0,0,70,0,1,0,10,Pharmacy
BiPC,53,57,72,38,10,8,0,1,66,0,5,8,9,Pharmacy
BiPC,63,57,43,44,0,0,13,0,69,0,2,0,0,Pharmacy
BiPC,79,72,57,51,0,0,0,0,88,1,0,0,0,Pharmacy
BiPC,68,60,62,47,6,0,0,5,70,0,10,0,1,Pharmacy
BiPC,77,51,63,54,0,7,0,2,77,0,0,0,0,Pharmacy
BiPC,64,68,63,35,0,2,2,7,71,0,0,0,0,Pharmacy
BiPC,64,65,70,40,1,7,0,0,79,0,0,4,0,Pharmacy
BiPC,69,50,66,45,3,1,0,0,75,13,0,0,11,Pharmacy
BiPC,62,54,56,42,0,0,0,0,74,7,0,0,0,Pharmacy
BiPC,62,62,61,35,0,0,0,3,86,4,0,8,0,Pharmacy
BiPC,59,55,62,37,0,12,0,0,85,0,3,0,0,Pharmacy
BiPC,68,57,61,58,0,2,3,3,66,8,2,5,2,Pharmacy
BiPC,64,49,48,49,1,8,4,2,76,2,0,4,2,Pharmacy
BiPC,61,62,66,48,0,4,0,0,73,0,8,4,0,Pharmacy
BiPC,71,74,56,35,0,0,1,6,77,6,0,0,0,Pharmacy
BiPC,59,62,57,47,0,5,7,0,66,0,0,5,0,Pharmacy
BiPC,71,50,65,48,0,0,1,11,83,6,4,1,14,Pharmacy
BiPC,82,61,65,40,0,13,8,1,78,8,1,2,0,Pharmacy
BiPC,61,58,56,44,0,5,0,0,70,3,0,0,0,Pharmacy
BiPC,68,61,68,50,0,8,0,9,66,4,0,0,2,Pharmacy
BiPC,69,59,57,42,0,4,0,0,79,0,12,0,0,Pharmacy
BiPC,79,69,57,46,0,8,3,0,68,0,4,0,13,Pharmacy
BiPC,61,64,52,51,0,3,9,0,82,0,8,0,3,Pharmacy
BiPC,66,57,47,48,5,0,7,0,75,3,16,9,0,Pharmacy
BiPC,65,58,56,46,0,10,0,8,79,0,0,3,0,Pharmacy
BiPC,62,64,57,37,12,4,0,2,81,3,0,0,0,Pharmacy
BiPC,61,67,39,44,12,0,0,0,70,0,1,1,1,Pharmacy
BiPC,74,49,66,54,5,8,1,5,66,0,0,0,0,Pharmacy
BiPC,74,54,62,50,5,9,0,0,60,10,0,10,12,Pharmacy
BiPC,66,64,59,43,5,0,0,4,84,0,0,3,0,Pharmacy
BiPC,73,50,61,48,0,0,3,0,66,0,3,0,0,Pharmacy
BiPC,55,50,56,43,15,0,14,6,91,5,0,6,0,Pharmacy
BiPC,75,54,52,49,19,0,9,3,74,1,5,15,0,Pharmacy
BiPC,64,58,46,48,8,0,0,0,74,0,0,0,0,Pharmacy
BiPC,56,66,65,31,5,4,0,0,81,10,0,4,0,Pharmacy
BiPC,71,67,59,38,0,5,5,1,93,0,7,8,0,Pharmacy
BiPC,65,64,48,50,6,0,0,0,76,0,0,4,3,Pharmacy
BiPC,62,59,69,56,8,1,2,0,77,0,0,0,0,Pharmacy
BiPC,79,49,64,36,5,0,0,8,60,0,0,17,0,Pharmacy
BiPC,66,49,69,48,7,9,0,3,64,3,12,0,8,Pharmacy
BiPC,70,68,56,52,0,9,2,0,66,5,0,0,0,Pharmacy
BiPC,66,58,64,44,0,1,0,7,70,0,0,7,0,Pharmacy
BiPC,77,49,63,39,0,8,2,2,74,0,0,0,0,Pharmacy
BiPC,60,52,52,48,0,0,0,0,69,0,5,0,4,Pharmacy
BiPC,69,60,66,49,4,10,0,3,77,0,1,11,0,Pharmacy
BiPC,52,77,74,43,12,7,0,4,70,0,0,0,0,Pharmacy
BiPC,59,70,56,31,2,0,6,6,75,0,3,0,5,Pharmacy
BiPC,56,50,58,54,0,0,0,0,83,8,15,6,0,Pharmacy
BiPC,65,54,58,50,0,0,1,23,83,0,4,0,0,Pharmacy
BiPC,63,53,57,45,9,0,0,0,72,0,0,0,0,Pharmacy
BiPC,76,64,58,49,0,0,1,0,68,0,0,0,0,Pharmacy
BiPC,78,62,62,41,11,6,0,0,57,0,2,4,0,Pharmacy
BiPC,51,59,54,47,0,0,1,0,66,0,7,0,0,Pharmacy
BiPC,66,53,63,46,0,0,9,6,88,0,0,10,5,Pharmacy
BiPC,61,47,61,44,0,0,0,0,70,0,4,0,11,Pharmacy
BiPC,73,67,49,37,0,0,3,0,76,0,0,0,0,Pharmacy
BiPC,53,61,50,34,3,1,0,0,74,7,10,0,0,Pharmacy
BiPC,59,68,59,37,3,4,0,7,68,1,1,1,11,Pharmacy
BiPC,61,49,67,57,7,12,7,0,77,1,1,4,12,Pharmacy
BiPC,78,41,72,53,1,1,0,0,81,0,0,0,0,Pharmacy
BiPC,58,61,55,45,10,5,4,2,72,0,12,14,6,Pharmacy
BiPC,60,52,62,46,0,0,3,0,71,0,7,11,0,Pharmacy
BiPC,81,55,57,36,0,0,0,4,80,1,3,0,4,Pharmacy
BiPC,58,66,54,41,12,8,1,11,77,7,13,9,9,Pharmacy
BiPC,66,59,55,52,4,0,0,4,71,0,0,0,0,Pharmacy
BiPC,69,58,57,47,0,0,4,0,83,0,0,6,5,Pharmacy
BiPC,63,46,66,40,0,0,1,7,77,0,5,6,6,Pharmacy
BiPC,74,65,50,40,6,0,0,6,77,1,0,0,3,Pharmacy
BiPC,63,53,58,46,0,4,2,2,91,1,0,0,8,Pharmacy
BiPC,72,56,52,49,0,0,0,0,71,0,0,0,0,Pharmacy
BiPC,75,55,67,28,1,8,10,0,68,2,0,0,13,Pharmacy
BiPC,63,67,44,37,0,0,0,7,77,0,0,5,0,Pharmacy
BiPC,76,62,47,42,14,6,0,2,70,9,1,9,0,Pharmacy
BiPC,54,52,70,45,0,0,8,0,74,0,0,4,0,Pharmacy
BiPC,68,71,60,51,9,5,0,3,71,6,1,0,0,Biotechnology
BiPC,61,62,58,48,12,3,4,0,58,0,0,0,0,Biotechnology
BiPC,84,63,54,61,15,0,0,0,68,5,0,0,3,Biotechnology
BiPC,69,65,64,56,4,11,1,0,74,6,4,0,10,Biotechnology
BiPC,79,71,57,48,0,0,5,0,58,5,0,4,6,Biotechnology
BiPC,82,59,54,47,7,0,0,7,66,4,0,0,0,Biotechnology
BiPC,76,52,55,51,3,2,7,7,50,0,1,12,0,Biotechnology
BiPC,74,52,51,47,11,1,0,0,63,4,4,6,0,Biotechnology
BiPC,70,59,63,50,0,0,0,1,68,9,0,13,0,Biotechnology
BiPC,72,63,70,43,0,0,0,0,63,6,0,0,0,Biotechnology
BiPC,86,55,62,46,0,7,3,0,56,0,2,0,0,Biotechnology
BiPC,55,73,61,45,0,0,11,5,66,0,0,0,0,Biotechnology
BiPC,75,62,54,64,1,4,7,2,72,2,0,4,3,Biotechnology
BiPC,65,79,58,45,2,3,0,0,61,13,0,0,7,Biotechnology
BiPC,73,62,67,60,0,6,0,0,61,0,2,3,0,Biotechnology
BiPC,70,66,61,54,0,0,1,5,58,1,0,0,1,Biotechnology
BiPC,67,71,58,46,6,0,1,3,61,0,3,0,2,Biotechnology
BiPC,62,57,54,29,5,0,2,0,66,0,0,0,1,Biotechnology
BiPC,74,67,65,62,0,0,0,0,59,9,0,0,11,Biotechnology
BiPC,68,65,55,38,0,0,1,0,72,0,0,0,0,Biotechnology
BiPC,73,76,64,45,0,14,0,0,62,0,9,0,8,Biotechnology
BiPC,70,71,45,48,0,0,0,1,65,0,0,0,0,Biotechnology
BiPC,74,54,75,59,0,0,0,6,72,1,0,14,0,Biotechnology
BiPC,67,77,57,47,0,0,5,0,62,6,3,0,0,Biotechnology
BiPC,71,57,66,51,9,0,1,2,68,0,8,0,2,Biotechnology
BiPC,77,53,59,59,2,4,0,0,66,0,3,1,12,Biotechnology
BiPC,70,52,67,63,0,0,5,2,73,0,0,0,0,Biotechnology
BiPC,66,65,51,61,1,0,15,3,60,0,8,0,0,Biotechnology
BiPC,74,67,44,53,11,0,0,13,53,0,0,9,9,Biotechnology
BiPC,77,71,58,39,1,0,0,6,73,0,0,0,0,Biotechnology
BiPC,76,59,58,42,0,4,0,7,79,0,0,16,7,Biotechnology
BiPC,67,59,57,54,0,0,4,0,57,3,0,0,3,Biotechnology
BiPC,63,70,58,51,3,0,4,16,69,1,0,0,0,Biotechnology
BiPC,70,62,70,42,7,0,0,4,62,0,3,0,0,Biotechnology
BiPC,78,59,59,57,11,0,5,0,75,3,1,0,3,Biotechnology
BiPC,66,49,57,53,0,8,0,6,57,10,2,2,2,Biotechnology
BiPC,73,71,55,49,4,0,0,0,58,10,0,11,0,Biotechnology
BiPC,68,73,63,44,0,0,7,0,61,9,0,0,2,Biotechnology
BiPC,64,71,57,62,0,0,14,0,65,1,0,0,0,Biotechnology
BiPC,75,76,56,67,0,1,3,0,63,0,11,7,0,Biotechnology
BiPC,67,53,62,48,0,10,0,0,52,12,0,0,0,Biotechnology
BiPC,66,66,56,53,7,0,8,0,70,0,0,1,1,Biotechnology
BiPC,59,60,53,54,6,12,15,0,70,0,0,1,7,Biotechnology
BiPC,71,54,59,48,0,2,1,13,73,10,0,0,0,Biotechnology
BiPC,81,57,49,59,0,5,7,0,73,3,0,0,0,Biotechnology
BiPC,70,71,56,53,0,4,3,0,72,0,0,0,0,Biotechnology
BiPC,78,54,42,52,0,0,0,6,64,15,2,1,5,Biotechnology
BiPC,77,69,66,48,12,0,0,0,62,15,12,0,9,Biotechnology
BiPC,60,74,60,58,7,0,0,3,61,1,0,0,9,Biotechnology
BiPC,73,56,52,48,0,0,0,2,65,0,0,0,0,Biotechnology
BiPC,73,56,65,55,0,0,3,0,64,0,6,5,0,Biotechnology
BiPC,74,72,55,52,3,0,0,6,65,0,12,0,10,Biotechnology
BiPC,79,65,49,55,0,1,0,0,79,0,6,4,7,Biotechnology
BiPC,70,75,60,48,0,0,6,0,63,0,0,0,0,Biotechnology
BiPC,72,62,55,45,0,13,0,10,65,3,9,0,0,Biotechnology
BiPC,80,69,55,58,3,0,0,0,67,0,0,0,0,Biotechnology
BiPC,62,66,64,50,4,0,0,11,57,0,0,0,0,Biotechnology
BiPC,50,57,49,48,0,0,0,3,56,2,8,0,0,Biotechnology
BiPC,68,66,44,59,2,0,0,1,74,0,4,10,0,Biotechnology
BiPC,89,53,54,42,0,0,0,0,48,0,6,0,0,Biotechnology
BiPC,72,56,64,50,0,6,15,1,61,9,0,0,0,Biotechnology
BiPC,65,67,70,49,0,0,10,10,68,0,8,14,0,Biotechnology
BiPC,64,66,52,45,6,3,0,3,66,0,0,0,10,Biotechnology
BiPC,68,61,61,55,6,0,7,0,58,12,17,0,0,Biotechnology
BiPC,78,60,65,59,0,0,0,6,62,2,0,0,4,Biotechnology
BiPC,71,70,53,56,3,1,0,5,70,7,7,0,1,Biotechnology
BiPC,64,75,77,48,3,0,0,2,61,0,6,0,0,Biotechnology
BiPC,68,57,50,56,1,0,6,10,82,5,0,0,3,Biotechnology
BiPC,73,57,67,54,0,0,0,0,70,0,0,0,0,Biotechnology
BiPC,47,54,51,43,11,1,0,8,65,2,0,6,12,Biotechnology
BiPC,59,66,58,43,0,0,0,3,67,0,9,2,0,Biotechnology
BiPC,64,77,65,46,0,7,0,0,41,0,7,1,0,Biotechnology
BiPC,73,70,60,38,3,2,3,0,62,0,21,0,0,Biotechnology
BiPC,58,65,63,44,0,0,0,4,72,0,0,5,0,Biotechnology
BiPC,78,70,67,35,0,0,3,0,62,0,5,0,9,Biotechnology
BiPC,67,76,63,55,5,0,9,0,75,3,0,1,0,Biotechnology
BiPC,70,50,46,47,2,0,0,8,65,0,0,0,0,Biotechnology
BiPC,65,73,58,60,11,0,1,17,65,0,5,0,8,Biotechnology
BiPC,67,57,50,55,0,9,0,3,61,0,0,6,0,Biotechnology
BiPC,59,62,57,48,0,0,2,3,58,0,0,3,0,Biotechnology
BiPC,72,70,59,63,0,0,5,0,58,15,0,0,0,Biotechnology
BiPC,66,79,70,55,0,0,0,0,58,6,0,0,0,Biotechnology
BiPC,70,54,56,45,0,10,6,0,65,0,1,0,0,Biotechnology
BiPC,73,77,63,41,10,0,13,0,58,0,0,0,0,Biotechnology
BiPC,64,60,67,47,5,8,0,0,65,0,0,10,1,Biotechnology
BiPC,62,69,53,55,6,0,0,0,72,0,1,0,0,Biotechnology
BiPC,73,65,58,50,0,0,8,0,65,0,16,2,0,Biotechnology
BiPC,69,68,59,61,0,0,0,0,77,10,0,10,0,Biotechnology
BiPC,69,55,64,56,0,6,0,10,64,2,0,9,8,Biotechnology
BiPC,61,59,63,56,0,0,6,10,67,4,1,4,0,Biotechnology
HEC,73,71,87,48,14,9,0,0,0,100,7,2,0,Corporate_Law
HEC,69,69,79,58,0,0,3,9,7,94,0,0,1,Corporate_Law
HEC,72,60,84,49,8,0,0,0,0,100,5,3,0,Corporate_Law
HEC,67,78,93,33,0,0,2,13,0,90,0,0,13,Corporate_Law
HEC,69,72,100,53,1,0,0,0,0,97,9,10,0,Corporate_Law
HEC,61,68,97,58,0,5,0,9,17,86,12,8,0,Corporate_Law
HEC,70,63,90,42,0,0,0,0,0,100,6,0,1,Corporate_Law
HEC,70,55,88,44,2,0,0,2,1,100,0,0,0,Corporate_Law
HEC,64,65,86,39,10,15,0,15,0,90,11,0,0,Corporate_Law
HEC,52,69,89,51,0,9,0,9,5,92,4,11,10,Corporate_Law
HEC,51,68,79,56,0,10,0,0,0,90,1,0,0,Corporate_Law
HEC,77,67,82,47,0,13,0,3,5,90,2,0,0,Corporate_Law
HEC,85,66,87,49,0,4,0,4,0,85,13,2,0,Corporate_Law
HEC,62,58,86,41,5,0,0,0,0,95,0,3,0,Corporate_Law
HEC,77,70,85,46,15,0,9,0,0,100,4,7,5,Corporate_Law
HEC,65,67,81,48,0,0,0,0,12,100,0,15,2,Corporate_Law
HEC,76,54,84,64,0,1,0,0,0,93,0,0,5,Corporate_Law
HEC,67,73,81,47,0,0,1,4,4,100,10,0,4,Corporate_Law
HEC,68,81,91,48,3,0,0,0,0,100,1,4,0,Corporate_Law
HEC,66,72,87,52,3,0,4,4,0,100,0,3,6,Corporate_Law
HEC,68,70,75,51,2,5,1,12,1,100,0,0,0,Corporate_Law
HEC,70,60,98,54,7,5,5,2,2,98,0,16,0,Corporate_Law
HEC,66,62,94,47,4,0,6,0,2,87,0,1,0,Corporate_Law
HEC,75,67,91,54,10,6,0,0,0,97,0,0,1,Corporate_Law
HEC,73,66,81,52,0,0,11,7,12,78,5,0,0,Corporate_Law
HEC,78,73,80,53,0,0,0,0,7,100,0,0,0,Corporate_Law
HEC,67,74,88,46,0,4,0,8,0,92,0,0,0,Corporate_Law
HEC,78,57,91,41,0,12,3,7,2,86,7,9,13,Corporate_Law
HEC,83,59,70,50,0,0,0,4,0,100,0,0,0,Corporate_Law
HEC,58,58,83,58,0,0,0,1,0,100,0,1,2,Corporate_Law
HEC,71,66,73,58,8,0,0,0,2,98,0,14,0,Corporate_Law
HEC,55,67,86,37,0,14,3,7,0,100,0,5,2,Corporate_Law
HEC,64,66,79,55,0,7,1,0,1,92,2,7,0,Corporate_Law
HEC,64,59,84,54,3,0,5,6,0,96,1,4,0,Corporate_Law
HEC,64,53,67,56,0,9,6,0,3,97,2,4,0,Corporate_Law
HEC,74,69,86,52,6,13,2,2,5,87,6,1,0,Corporate_Law
HEC,77,57,94,40,0,2,3,0,0,93,0,0,2,Corporate_Law
HEC,64,63,88,48,0,0,0,1,0,100,0,0,0,Corporate_Law
HEC,65,58,94,44,0,0,0,1,4,100,0,12,3,Corporate_Law
HEC,63,59,76,49,3,9,0,0,0,86,3,12,0,Corporate_Law
HEC,70,64,81,50,0,1,11,0,0,94,0,0,0,Corporate_Law
HEC,72,77,79,55,5,1,6,0,0,100,0,4,0,Corporate_Law
HEC,65,63,92,60,0,0,1,0,1,79,0,0,0,Corporate_Law
HEC,65,55,94,52,2,4,0,3,0,93,0,0,2,Corporate_Law
HEC,69,55,91,53,5,12,16,1,0,100,0,9,0,Corporate_Law
HEC,62,68,84,39,7,0,0,0,6,91,7,0,0,Corporate_Law
HEC,66,70,90,53,0,0,0,3,0,86,2,5,6,Corporate_Law
HEC,61,65,85,54,2,0,10,0,11,91,0,0,0,Corporate_Law
HEC,60,81,73,58,0,7,17,0,7,97,3,0,0,Corporate_Law
HEC,92,65,91,45,0,0,0,0,0,100,4,5,7,Corporate_Law
HEC,53,55,93,58,7,0,0,0,6,93,0,0,1,Corporate_Law
HEC,58,60,83,52,9,0,0,0,0,95,4,3,4,Corporate_Law
HEC,78,78,92,43,0,0,0,0,1,89,0,1,0,Corporate_Law
HEC,64,74,99,53,0,0,7,8,0,96,3,10,3,Corporate_Law
HEC,63,57,92,52,0,8,6,5,8,100,0,0,2,Corporate_Law
HEC,67,69,93,57,0,0,0,8,10,100,9,4,0,Corporate_Law
HEC,56,56,97,50,0,0,0,0,0,98,0,0,15,Corporate_Law
HEC,65,76,77,52,6,0,5,0,0,100,0,0,0,Corporate_Law
HEC,69,59,95,46,0,8,0,11,0,100,1,3,9,Corporate_Law
HEC,80,58,92,43,8,1,0,0,7,90,0,0,2,Corporate_Law
HEC,70,67,78,52,0,5,7,0,2,93,1,0,1,Corporate_Law
HEC,61,68,83,53,11,12,0,3,2,100,3,10,0,Corporate_Law
HEC,69,68,78,43,0,0,7,0,0,89,6,4,5,Corporate_Law
HEC,75,52,80,47,4,3,0,0,0,95,5,0,0,Corporate_Law
HEC,64,67,91,60,1,8,5,0,2,97,0,0,0,Corporate_Law
HEC,81,68,92,52,0,9,0,0,0,100,0,0,8,Corporate_Law
HEC,85,57,88,53,3,0,6,0,0,95,0,0,2,Corporate_Law
HEC,75,65,94,55,0,0,0,0,0,100,0,16,0,Corporate_Law
HEC,64,55,85,60,0,0,1,4,0,84,15,2,0,Corporate_Law
HEC,72,51,81,44,0,0,4,0,8,92,4,0,3,Corporate_Law
HEC,62,66,77,53,0,9,0,0,3,100,0,0,14,Corporate_Law
HEC,68,55,77,53,0,9,1,4,0,95,0,5,0,Corporate_Law
HEC,66,71,96,51,3,4,0,0,0,91,0,8,0,Corporate_Law
HEC,70,62,91,56,9,0,0,0,1,78,6,10,5,Corporate_Law
HEC,67,58,89,45,0,0,0,3,10,92,0,3,3,Corporate_Law
HEC,58,68,74,59,4,0,9,0,0,82,3,9,2,Corporate_Law
HEC,61,71,80,54,1,6,0,0,4,98,0,0,0,Corporate_Law
HEC,64,59,80,51,17,3,5,0,12,95,6,1,9,Corporate_Law
HEC,78,64,89,49,0,0,0,0,0,100,2,0,4,Corporate_Law
HEC,73,65,78,61,3,0,0,0,3,95,0,0,0,Corporate_Law
HEC,76,70,92,50,0,0,0,3,5,87,0,0,7,Corporate_Law
HEC,64,55,84,41,16,8,6,0,0,95,0,0,6,Corporate_Law
HEC,69,81,86,36,7,0,2,0,7,97,28,13,0,Corporate_Law
HEC,71,74,92,50,14,0,3,0,0,96,0,12,0,Corporate_Law
HEC,74,65,81,45,0,2,17,0,0,95,8,6,16,Corporate_Law
HEC,71,59,96,45,5,0,0,7,0,90,4,0,2,Corporate_Law
HEC,85,73,83,50,1,0,1,0,1,84,10,0,0,Corporate_Law
HEC,52,66,98,36,0,1,6,0,0,91,0,0,0,Corporate_Law
HEC,65,61,87,48,0,0,0,9,7,86,10,0,5,Corporate_Law
HEC,67,63,92,47,0,0,0,1,4,91,0,3,17,Corporate_Law
HEC,85,52,87,48,7,0,5,0,0,85,0,1,0,Civil_Law
HEC,68,48,77,52,4,0,3,10,0,85,0,0,0,Civil_Law
HEC,66,58,72,56,2,0,0,6,3,85,12,9,0,Civil_Law
HEC,65,64,76,51,1,0,4,0,0,77,0,0,1,Civil_Law
HEC,62,68,75,52,5,0,0,0,0,84,0,5,0,Civil_Law
HEC,67,51,74,51,9,0,0,2,0,81,7,2,0,Civil_Law
HEC,72,42,77,57,0,0,0,1,0,86,12,4,12,Civil_Law
HEC,70,44,83,47,1,3,9,0,6,93,0,0,10,Civil_Law
HEC,71,62,87,58,4,7,0,13,0,88,0,4,0,Civil_Law
HEC,64,51,78,52,1,0,0,4,0,99,16,4,10,Civil_Law
HEC,56,60,80,61,0,0,6,0,0,85,6,0,2,Civil_Law
HEC,69,58,79,54,0,0,8,0,0,88,4,2,9,Civil_Law
HEC,59,57,74,56,6,1,0,0,0,84,0,5,0,Civil_Law
HEC,56,42,79,55,0,0,7,4,2,78,2,0,0,Civil_Law
HEC,68,43,75,48,0,1,6,4,0,76,8,1,0,Civil_Law
HEC,55,49,80,66,0,0,0,14,0,71,0,0,2,Civil_Law
HEC,65,52,82,60,0,4,2,3,0,83,0,0,2,Civil_Law
HEC,70,47,78,48,0,0,5,6,4,85,3,0,17,Civil_Law
HEC,65,46,80,56,0,0,1,3,0,86,6,0,12,Civil_Law
HEC,70,52,78,52,12,0,0,2,1,87,2,5,0,Civil_Law
HEC,70,56,73,71,2,0,1,0,0,87,3,2,9,Civil_Law
HEC,73,73,71,69,0,0,0,1,0,94,1,0,7,Civil_Law
HEC,57,63,75,60,3,2,0,8,8,80,0,0,1,Civil_Law
HEC,68,61,76,49,3,8,8,0,9,76,0,12,0,Civil_Law
HEC,67,56,83,50,2,0,0,0,0,95,0,5,0,Civil_Law
HEC,70,55,89,63,0,0,0,13,0,86,0,0,6,Civil_Law
HEC,80,45,67,54,0,12,0,3,12,94,2,7,7,Civil_Law
HEC,51,50,72,49,0,0,12,8,0,87,0,7,9,Civil_Law
HEC,51,54,73,47,3,0,0,0,0,80,0,0,1,Civil_Law
HEC,72,68,86,70,6,8,0,0,0,90,1,7,0,Civil_Law
HEC,79,61,81,57,5,0,4,5,8,91,0,0,9,Civil_Law
HEC,63,49,80,58,0,0,0,0,5,96,7,0,0,Civil_Law
HEC,63,60,72,52,12,0,16,2,0,93,0,1,0,Civil_Law
HEC,70,57,81,44,0,6,0,0,0,90,7,0,0,Civil_Law
HEC,51,46,63,60,4,0,0,0,0,76,1,9,1,Civil_Law
HEC,71,42,81,55,0,0,0,4,0,77,3,0,0,Civil_Law
HEC,64,42,83,56,0,0,0,0,3,92,0,0,2,Civil_Law
HEC,65,57,76,65,0,0,4,0,0,94,13,0,8,Civil_Law
HEC,62,62,76,56,0,6,0,0,0,85,0,5,0,Civil_Law
HEC,53,55,70,49,0,0,1,3,0,74,8,5,6,Civil_Law
HEC,73,66,81,47,0,2,0,0,3,80,0,0,10,Civil_Law
HEC,67,54,81,44,1,0,0,0,0,89,2,0,8,Civil_Law
HEC,62,69,94,53,15,8,0,0,7,72,0,12,2,Civil_Law
HEC,58,57,86,63,0,0,0,0,0,73,17,0,10,Civil_Law
HEC,56,59,83,55,0,0,0,4,0,90,0,1,0,Civil_Law
HEC,73,55,82,53,16,0,0,10,4,81,0,3,11,Civil_Law
HEC,65,57,82,39,0,0,5,8,7,69,0,0,0,Civil_Law
HEC,57,45,69,66,0,1,0,8,0,83,0,3,1,Civil_Law
HEC,59,56,85,45,1,7,2,1,3,85,0,10,0,Civil_Law
HEC,61,48,75,54,0,5,0,0,0,90,4,0,3,Civil_Law
HEC,68,55,87,48,0,0,0,0,3,89,3,14,4,Civil_Law
HEC,65,58,77,51,2,11,8,0,6,91,0,2,3,Civil_Law
HEC,64,55,82,56,0,4,0,0,4,75,0,0,3,Civil_Law
HEC,79,58,72,40,4,0,0,9,18,86,0,0,0,Civil_Law
HEC,63,65,77,54,0,12,0,3,0,91,0,8,0,Civil_Law
HEC,69,68,81,50,0,0,0,3,14,75,0,8,0,Civil_Law
HEC,57,53,72,52,0,0,0,0,6,85,0,0,0,Civil_Law
HEC,59,62,88,58,0,6,2,0,12,79,0,0,8,Civil_Law
HEC,53,64,81,61,2,0,0,0,0,89,1,0,0,Civil_Law
HEC,61,60,72,53,0,0,3,0,7,75,0,10,8,Civil_Law
HEC,56,45,84,59,0,0,0,5,0,100,0,4,0,Civil_Law
HEC,66,54,84,45,1,0,0,4,0,88,0,3,0,Civil_Law
HEC,60,40,78,50,2,0,0,0,0,72,8,0,0,Civil_Law
HEC,57,52,76,67,1,0,7,6,9,76,0,0,0,Civil_Law
HEC,72,51,78,60,0,0,1,0,0,82,2,0,0,Civil_Law
HEC,56,46,89,45,0,0,13,0,0,79,0,11,0,Civil_Law
HEC,57,51,87,53,0,9,0,4,0,76,0,5,0,Civil_Law
HEC,59,59,76,47,14,0,12,2,0,94,1,2,3,Civil_Law
HEC,57,58,70,43,6,0,3,4,0,78,6,2,0,Civil_Law
HEC,72,58,83,51,2,4,0,0,8,81,7,0,0,Civil_Law
HEC,75,57,86,56,0,0,0,0,6,84,8,0,1,Civil_Law
HEC,77,59,77,50,0,9,4,1,0,82,0,6,1,Civil_Law
HEC,62,75,72,47,0,2,0,0,0,82,5,0,0,Civil_Law
HEC,61,60,66,53,0,0,0,0,0,75,3,0,0,Civil_Law
HEC,58,64,80,56,0,0,2,0,5,88,0,3,0,Civil_Law
HEC,64,53,73,42,0,1,0,0,0,89,4,1,17,Civil_Law
HEC,60,52,73,61,0,0,0,0,0,86,0,11,0,Civil_Law
HEC,64,46,72,65,0,0,2,11,0,83,6,1,12,Civil_Law
HEC,52,53,71,56,0,0,0,0,0,83,4,0,0,Civil_Law
HEC,70,61,94,60,0,3,0,0,0,89,0,0,7,Civil_Law
HEC,64,59,83,52,12,0,0,4,0,73,0,0,11,Civil_Law
HEC,62,59,75,66,10,0,0,0,0,79,1,12,0,Civil_Law
HEC,72,47,84,54,8,0,3,1,19,84,3,0,8,Civil_Law
HEC,68,52,80,51,0,14,0,0,0,93,2,0,5,Civil_Law
HEC,65,61,71,60,0,3,0,0,0,83,2,0,0,Civil_Law
HEC,68,45,81,42,0,3,0,0,2,79,1,0,0,Civil_Law
HEC,62,50,88,64,0,0,0,0,0,83,0,0,0,Civil_Law
HEC,79,45,80,48,9,0,0,2,1,76,0,0,11,Civil_Law
HEC,51,60,63,54,0,8,0,8,0,79,2,0,7,Civil_Law
HEC,64,46,71,52,1,1,0,5,8,87,0,8,0,Civil_Law
HEC,84,51,86,49,0,6,6,5,0,92,5,5,6,Judiciary
HEC,73,59,88,44,0,0,0,0,1,93,18,0,3,Judiciary
HEC,74,69,93,36,0,0,3,6,0,100,0,0,0,Judiciary
HEC,76,54,96,41,2,0,0,3,13,82,8,5,0,Judiciary
HEC,77,54,92,47,18,0,1,11,0,85,1,0,0,Judiciary
HEC,62,56,76,53,3,12,4,4,1,68,5,4,0,Judiciary
HEC,57,64,90,54,0,1,0,1,0,100,1,0,2,Judiciary
HEC,74,54,87,59,3,8,5,11,0,98,0,6,0,Judiciary
HEC,68,61,84,60,0,6,3,7,6,92,0,0,0,Judiciary
HEC,62,58,86,53,0,3,0,0,5,92,12,0,0,Judiciary
HEC,69,70,100,52,4,3,0,0,0,84,1,0,5,Judiciary
HEC,71,71,87,46,13,12,1,0,8,92,4,0,1,Judiciary
HEC,79,58,98,40,0,0,0,0,6,88,0,0,0,Judiciary
HEC,75,58,96,59,0,2,0,0,7,96,0,6,13,Judiciary
HEC,80,62,81,50,0,0,0,0,0,98,1,0,0,Judiciary
HEC,81,55,77,60,7,0,0,4,9,98,0,0,0,Judiciary
HEC,77,66,96,59,6,7,0,3,0,82,1,4,14,Judiciary
HEC,76,65,95,54,0,0,21,1,0,88,5,3,0,Judiciary
HEC,63,56,80,48,0,8,0,0,0,70,0,0,10,Judiciary
HEC,92,54,87,56,0,0,6,4,0,95,0,0,0,Judiciary
HEC,76,63,87,53,0,0,8,9,17,86,0,4,2,Judiciary
HEC,81,61,85,43,0,0,0,0,0,76,0,0,0,Judiciary
HEC,75,77,87,49,9,0,0,0,0,97,0,0,11,Judiciary
HEC,77,59,86,58,2,0,1,0,1,93,7,7,0,Judiciary
HEC,73,56,87,51,6,0,1,4,0,92,0,0,2,Judiciary
HEC,70,54,73,55,10,6,0,1,0,86,0,4,12,Judiciary
HEC,86,60,79,53,0,0,0,0,0,98,0,0,0,Judiciary
HEC,74,64,82,55,5,0,0,0,0,76,0,0,0,Judiciary
HEC,80,69,83,55,3,0,0,4,0,95,1,0,0,Judiciary
HEC,79,62,96,58,3,15,0,0,0,98,7,0,1,Judiciary
HEC,68,52,84,52,10,0,0,0,0,82,11,0,0,Judiciary
HEC,83,62,88,42,11,9,0,2,1,93,0,19,0,Judiciary
HEC,79,51,86,50,0,3,0,0,5,96,0,13,0,Judiciary
HEC,71,60,91,52,7,0,7,13,1,94,0,0,2,Judiciary
HEC,80,48,86,41,8,12,0,0,11,88,0,0,0,Judiciary
HEC,86,58,100,51,0,5,4,5,0,96,0,0,2,Judiciary
HEC,70,64,100,54,5,0,8,8,7,71,3,0,0,Judiciary
HEC,72,59,92,39,0,0,0,9,2,90,0,0,0,Judiciary
HEC,85,59,83,50,0,0,0,3,1,91,0,0,0,Judiciary
HEC,81,73,85,43,5,0,0,8,7,80,0,6,0,Judiciary
HEC,84,56,89,46,5,0,0,0,9,92,0,0,0,Judiciary
HEC,72,70,80,30,0,0,0,0,0,100,0,1,0,Judiciary
HEC,77,70,87,55,0,0,1,5,0,79,0,0,0,Judiciary
HEC,71,60,77,47,12,0,10,2,4,97,0,0,0,Judiciary
HEC,77,41,88,46,0,0,0,7,0,77,7,0,0,Judiciary
HEC,74,71,92,42,0,1,0,0,0,79,5,8,0,Judiciary
HEC,62,65,90,56,0,1,0,7,5,86,0,0,1,Judiciary
HEC,89,69,96,58,8,2,13,0,0,100,8,0,10,Judiciary
HEC,72,42,89,51,6,8,6,0,1,91,6,0,0,Judiciary
HEC,76,58,97,44,3,0,10,0,3,89,0,0,9,Judiciary
HEC,74,58,81,60,0,5,0,6,0,97,4,0,0,Judiciary
HEC,78,61,89,54,0,3,3,0,0,97,3,10,9,Judiciary
HEC,81,67,84,50,2,5,3,8,8,82,10,0,0,Judiciary
HEC,75,65,91,64,4,9,0,3,0,93,4,3,3,Judiciary
HEC,76,50,94,44,8,0,0,1,2,81,0,0,0,Judiciary
HEC,69,56,80,57,0,0,0,5,0,100,0,1,0,Judiciary
HEC,72,63,100,54,0,1,0,0,0,87,0,1,5,Judiciary
HEC,91,58,84,56,0,0,14,4,3,95,1,2,0,Judiciary
HEC,84,73,81,58,3,4,7,0,0,87,0,2,0,Judiciary
HEC,79,58,93,49,3,2,0,1,0,95,7,1,4,Judiciary
HEC,71,55,93,57,3,0,15,0,0,87,0,1,0,Judiciary
HEC,80,51,99,54,0,13,0,7,10,91,2,2,0,Judiciary
HEC,81,67,82,58,0,0,0,10,0,100,0,0,6,Judiciary
HEC,82,55,75,58,0,3,4,0,1,88,0,0,0,Judiciary
HEC,91,62,91,45,4,1,0,3,0,76,5,0,0,Judiciary
HEC,77,67,100,63,2,0,0,6,1,79,7,0,13,Judiciary
HEC,70,63,79,48,0,0,2,3,0,89,1,10,4,Judiciary
HEC,73,73,86,51,0,0,4,0,2,98,2,0,0,Judiciary
HEC,86,64,91,39,0,0,0,0,0,100,4,0,0,Judiciary
HEC,89,59,93,42,0,0,0,3,0,89,0,0,10,Judiciary
HEC,84,49,87,62,14,7,10,0,2,82,0,5,0,Judiciary
HEC,69,54,100,32,0,0,0,1,11,75,1,3,2,Judiciary
HEC,70,69,91,47,1,12,0,3,0,90,5,8,15,Judiciary
HEC,73,67,78,60,0,6,6,0,7,83,0,0,0,Judiciary
HEC,74,56,98,56,0,0,10,0,0,91,4,0,0,Judiciary
HEC,75,55,92,50,11,11,10,0,0,90,0,4,2,Judiciary
HEC,63,61,92,46,4,3,0,0,0,79,0,0,0,Judiciary
HEC,76,55,91,52,0,0,0,0,0,95,0,0,0,Judiciary
HEC,56,54,79,47,0,0,8,0,0,81,10,9,0,Judiciary
HEC,65,53,96,47,1,4,0,0,0,92,0,0,0,Judiciary
HEC,68,58,84,62,1,7,7,0,0,89,0,4,0,Judiciary
HEC,71,64,94,45,10,3,3,16,2,87,0,0,4,Judiciary
HEC,74,62,91,55,6,9,0,0,0,85,0,0,0,Judiciary
HEC,89,59,83,48,9,0,0,0,1,84,0,0,8,Judiciary
HEC,65,66,99,60,0,0,0,1,9,100,0,8,0,Judiciary
HEC,81,58,85,50,0,0,8,3,0,96,1,0,11,Judiciary
HEC,59,57,96,50,1,0,0,0,0,80,12,15,3,Judiciary
HEC,67,65,84,58,0,1,0,9,5,87,3,7,13,Judiciary
HEC,61,58,95,44,0,0,0,2,0,87,2,0,1,Judiciary
HEC,74,46,87,53,1,0,0,12,0,91,1,3,13,Judiciary
HEC,79,67,81,60,0,0,0,0,4,0,100,0,78,UPSC
HEC,76,63,91,55,0,0,0,0,0,12,86,8,94,UPSC
HEC,84,62,90,48,6,0,4,0,10,5,97,0,94,UPSC
HEC,94,66,82,51,4,3,5,1,0,3,100,0,100,UPSC
HEC,74,70,73,57,0,0,1,0,0,3,87,0,88,UPSC
HEC,77,74,78,55,9,0,3,0,3,0,86,0,86,UPSC
HEC,80,62,80,55,13,0,0,8,11,0,97,13,82,UPSC
HEC,74,68,77,53,0,0,4,0,0,0,100,0,87,UPSC
HEC,67,69,88,37,0,0,0,0,2,0,87,1,95,UPSC
HEC,90,58,84,51,0,0,2,1,0,2,84,0,86,UPSC
HEC,70,62,88,42,0,2,7,0,10,0,86,0,90,UPSC
HEC,69,73,78,51,0,0,0,0,0,2,93,0,89,UPSC
HEC,88,67,76,34,0,0,0,0,0,12,100,0,100,UPSC
HEC,80,58,68,56,0,0,0,0,0,0,94,0,92,UPSC
HEC,77,60,83,69,2,0,11,6,11,0,80,5,100,UPSC
HEC,80,61,65,53,4,2,1,2,0,0,93,0,90,UPSC
HEC,78,51,72,58,2,0,0,0,3,9,90,5,89,UPSC
HEC,83,50,70,42,0,0,6,3,0,0,99,0,92,UPSC
HEC,80,68,81,52,0,4,0,0,6,0,79,0,94,UPSC
HEC,94,70,83,62,0,4,0,4,0,0,96,0,88,UPSC
HEC,80,57,77,44,0,0,0,0,0,0,91,0,99,UPSC
HEC,87,66,87,43,6,0,0,9,7,1,98,3,86,UPSC
HEC,58,72,77,53,0,8,0,1,6,14,100,4,94,UPSC
HEC,79,52,67,54,6,20,4,0,3,10,91,1,97,UPSC
HEC,85,64,86,49,0,0,2,4,0,4,90,0,99,UPSC
HEC,75,55,78,55,3,0,0,9,2,0,82,0,92,UPSC
HEC,79,62,88,44,0,0,0,0,6,0,93,3,96,UPSC
HEC,77,69,79,38,0,10,0,0,2,0,100,0,83,UPSC
HEC,86,60,88,46,0,6,0,8,0,0,90,0,82,UPSC
HEC,74,63,66,52,0,2,0,0,0,10,94,5,96,UPSC
HEC,69,63,83,63,0,0,0,0,0,0,87,2,76,UPSC
HEC,80,60,79,41,10,0,0,2,0,10,83,8,94,UPSC
HEC,79,50,89,46,2,0,0,0,0,0,90,1,85,UPSC
HEC,77,55,82,53,8,0,0,0,0,0,93,0,79,UPSC
HEC,70,75,87,51,1,0,0,0,0,1,99,3,86,UPSC
HEC,88,54,67,47,5,5,8,0,5,7,96,6,84,UPSC
HEC,75,65,79,45,0,8,0,0,13,0,98,1,100,UPSC
HEC,81,69,69,58,7,0,2,0,9,0,100,0,84,UPSC
HEC,73,68,53,52,0,0,4,9,0,2,91,0,84,UPSC
HEC,75,75,72,47,0,6,0,1,6,1,96,0,75,UPSC
HEC,74,71,78,57,10,0,2,0,0,0,100,0,89,UPSC
HEC,79,49,79,40,0,0,6,1,8,6,87,0,85,UPSC
HEC,73,65,78,56,0,0,10,0,0,0,91,2,80,UPSC
HEC,69,69,74,44,0,5,0,0,4,13,100,3,91,UPSC
HEC,76,58,80,58,0,10,0,15,0,3,86,0,97,UPSC
HEC,81,57,75,48,8,0,0,5,0,5,92,0,93,UPSC
HEC,83,65,81,53,0,0,3,0,0,5,89,0,79,UPSC
HEC,91,67,67,45,0,0,0,0,0,1,100,15,87,UPSC
HEC,78,73,77,41,0,0,7,8,0,0,86,0,98,UPSC
HEC,67,62,87,50,0,0,0,12,2,0,96,0,72,UPSC
HEC,88,71,90,45,0,0,11,0,0,0,90,1,77,UPSC
HEC,76,71,79,59,0,12,0,0,7,0,87,10,87,UPSC
HEC,68,52,69,58,9,2,7,0,2,1,100,0,79,UPSC
HEC,82,74,77,52,1,0,2,0,0,0,93,0,99,UPSC
HEC,73,55,82,45,12,4,0,1,0,5,95,6,85,UPSC
HEC,74,62,94,47,0,0,0,0,0,0,95,0,93,UPSC
HEC,69,59,85,40,1,0,1,9,0,0,96,0,93,UPSC
HEC,72,46,87,52,0,2,6,0,1,4,91,13,88,UPSC
HEC,69,62,77,53,0,7,0,5,0,1,98,6,84,UPSC
HEC,72,69,69,47,0,0,0,4,0,6,86,0,71,UPSC
HEC,84,55,71,58,11,1,3,6,13,6,100,0,83,UPSC
HEC,66,64,83,44,10,0,0,3,0,0,98,0,91,UPSC
HEC,72,57,79,46,12,0,0,0,0,8,100,15,92,UPSC
HEC,83,87,82,57,0,6,4,0,0,0,90,1,84,UPSC
HEC,74,78,93,55,0,0,4,1,0,4,90,0,100,UPSC
HEC,82,60,70,43,1,0,0,1,0,5,87,0,95,UPSC
HEC,83,60,72,50,0,0,8,0,0,5,95,2,89,UPSC
HEC,79,53,82,51,6,1,0,0,0,9,100,0,91,UPSC
HEC,76,57,79,44,0,10,6,7,0,0,100,12,96,UPSC
HEC,83,75,76,53,5,0,10,0,0,1,94,9,80,UPSC
HEC,74,56,76,34,0,0,12,0,0,0,94,1,83,UPSC
HEC,87,58,71,61,1,0,5,1,6,0,97,4,76,UPSC
HEC,79,71,75,54,1,0,0,0,0,0,100,0,97,UPSC
HEC,77,80,77,52,3,0,0,0,0,0,96,9,87,UPSC
HEC,86,63,74,50,11,0,0,0,3,0,82,0,85,UPSC
HEC,65,64,91,54,14,0,8,0,0,0,94,1,89,UPSC
HEC,75,77,77,42,2,0,6,2,0,0,91,0,90,UPSC
HEC,74,63,84,49,0,0,0,6,0,9,95,8,76,UPSC
HEC,76,56,80,49,0,0,0,0,0,0,100,0,93,UPSC
HEC,81,75,77,42,1,0,5,2,0,0,94,7,84,UPSC
HEC,85,73,64,52,15,0,0,0,1,5,98,5,79,UPSC
HEC,74,59,80,35,0,5,0,9,0,0,100,3,98,UPSC
HEC,71,55,77,52,0,0,9,0,0,0,94,7,87,UPSC
HEC,92,60,69,52,0,0,1,0,0,6,88,5,96,UPSC
HEC,84,77,64,53,4,7,7,0,0,0,96,0,95,UPSC
HEC,69,58,68,55,5,0,0,0,8,0,94,0,94,UPSC
HEC,75,64,99,54,0,0,0,0,11,4,100,3,76,UPSC
HEC,79,57,84,49,0,0,3,0,16,4,81,0,94,UPSC
HEC,72,76,72,48,2,12,0,1,0,0,100,0,83,UPSC
HEC,81,59,82,48,9,0,0,0,9,0,92,5,90,UPSC
HEC,73,56,87,50,0,0,3,0,4,0,76,0,77,State_PSC
HEC,74,53,76,49,0,0,11,0,7,17,85,4,82,State_PSC
HEC,58,54,71,48,0,0,0,0,0,1,74,0,75,State_PSC
HEC,79,50,69,45,1,3,13,0,0,13,86,0,84,State_PSC
HEC,69,58,74,43,6,0,6,0,4,0,85,0,90,State_PSC
HEC,64,46,78,56,4,14,0,0,0,0,79,9,97,State_PSC
HEC,58,67,75,48,0,0,6,0,1,0,85,3,74,State_PSC
HEC,65,56,73,51,9,0,0,1,3,0,86,0,72,State_PSC
HEC,66,65,78,50,0,0,0,9,0,6,82,0,84,State_PSC
HEC,71,59,74,49,8,8,7,5,0,0,80,0,69,State_PSC
HEC,61,55,76,40,0,11,0,0,0,6,84,10,71,State_PSC
HEC,74,65,65,44,0,0,5,0,0,9,91,4,82,State_PSC
HEC,61,61,92,40,0,0,0,0,10,2,85,5,77,State_PSC
HEC,71,69,69,46,0,10,0,13,6,0,84,11,76,State_PSC
HEC,69,63,61,61,3,0,6,0,0,5,75,3,69,State_PSC
HEC,72,60,74,54,4,0,0,0,5,1,84,3,87,State_PSC
HEC,56,65,86,47,0,0,3,5,0,0,84,0,79,State_PSC
HEC,75,63,80,41,9,0,0,0,0,3,97,5,79,State_PSC
HEC,67,55,59,59,4,0,3,2,7,3,82,0,72,State_PSC
HEC,67,60,75,52,0,0,4,0,1,2,91,0,79,State_PSC
HEC,72,56,71,48,0,9,0,3,0,4,83,6,77,State_PSC
HEC,74,57,70,46,0,2,0,1,0,0,87,4,70,State_PSC
HEC,67,65,69,46,0,0,0,0,2,15,88,8,73,State_PSC
HEC,81,67,80,50,5,13,0,1,12,7,89,0,81,State_PSC
HEC,64,61,85,38,17,10,0,0,11,4,93,0,64,State_PSC
HEC,62,55,77,53,0,7,3,0,0,3,73,6,72,State_PSC
HEC,74,64,78,38,0,8,0,0,0,0,76,2,78,State_PSC
HEC,76,51,75,59,7,0,0,0,0,0,94,0,83,State_PSC
HEC,75,47,83,65,0,5,9,0,18,0,77,0,83,State_PSC
HEC,71,63,70,55,0,2,0,0,0,9,89,6,73,State_PSC
HEC,76,82,85,59,0,0,0,0,23,0,73,0,80,State_PSC
HEC,73,60,73,50,0,0,16,6,16,8,75,0,76,State_PSC
HEC,70,64,68,56,3,10,1,0,0,0,86,4,87,State_PSC
HEC,62,61,75,48,8,0,4,7,0,0,77,0,80,State_PSC
HEC,73,57,82,34,9,4,5,0,0,0,74,5,74,State_PSC
HEC,85,50,82,43,2,0,0,0,4,0,80,0,86,State_PSC
HEC,59,61,74,49,0,4,9,9,0,0,91,5,73,State_PSC
HEC,74,57,70,46,0,4,16,5,1,0,81,0,73,State_PSC
HEC,62,56,87,57,2,8,4,0,16,0,84,0,79,State_PSC
HEC,72,63,62,60,0,5,0,0,0,0,80,0,69,State_PSC
HEC,72,64,75,48,0,0,0,4,4,15,73,5,76,State_PSC
HEC,73,58,78,45,2,2,1,0,6,0,100,14,82,State_PSC
HEC,55,48,75,39,0,5,4,0,11,9,90,2,86,State_PSC
HEC,72,77,76,56,6,0,0,11,0,0,79,15,95,State_PSC
HEC,68,65,71,62,7,0,0,10,0,12,92,0,80,State_PSC
HEC,77,47,71,61,0,0,0,0,3,0,79,9,89,State_PSC
HEC,65,60,77,46,0,0,4,0,9,0,99,0,86,State_PSC
HEC,56,56,80,46,0,0,0,0,0,0,78,0,75,State_PSC
HEC,53,57,86,57,8,5,4,0,0,0,86,0,77,State_PSC
HEC,66,66,74,39,0,0,1,0,5,2,86,15,91,State_PSC
HEC,79,57,69,48,2,0,0,0,12,0,80,0,83,State_PSC
HEC,63,59,74,34,0,0,1,0,5,1,83,0,83,State_PSC
HEC,83,50,79,45,3,0,0,2,5,0,83,0,88,State_PSC
HEC,73,66,85,58,0,10,12,0,0,0,78,4,76,State_PSC
HEC,70,55,78,43,1,0,0,7,0,4,80,1,75,State_PSC
HEC,63,53,70,36,0,2,0,0,0,7,93,5,79,State_PSC
HEC,71,58,80,52,0,0,0,0,2,0,98,0,87,State_PSC
HEC,62,57,73,50,2,0,2,0,0,0,91,0,66,State_PSC
HEC,67,64,66,39,0,0,0,0,1,3,84,7,83,State_PSC
HEC,72,47,72,48,5,0,6,3,1,0,91,3,71,State_PSC
HEC,73,52,87,45,0,0,0,0,0,8,82,0,74,State_PSC
HEC,78,53,73,56,0,0,8,0,0,1,95,0,77,State_PSC
HEC,69,59,83,59,10,0,0,4,0,0,81,0,83,State_PSC
HEC,62,64,67,46,0,0,5,0,0,0,75,0,87,State_PSC
HEC,65,61,82,70,2,0,0,0,1,16,86,13,77,State_PSC
HEC,60,53,77,55,15,1,0,0,9,0,97,0,76,State_PSC
HEC,61,61,74,51,0,0,6,0,2,8,81,0,77,State_PSC
HEC,67,55,72,42,0,0,2,0,0,3,92,0,80,State_PSC
HEC,56,63,94,45,12,7,0,2,7,0,84,2,85,State_PSC
HEC,75,71,85,42,0,0,4,3,0,0,83,4,76,State_PSC
HEC,63,71,66,52,4,9,7,0,1,0,83,5,84,State_PSC
HEC,76,66,83,48,0,0,1,0,1,1,90,0,77,State_PSC
HEC,73,63,64,47,0,0,0,0,0,3,82,4,91,State_PSC
HEC,78,64,71,45,0,0,11,11,0,0,82,0,85,State_PSC
HEC,69,67,72,54,1,5,0,3,0,0,88,7,85,State_PSC
HEC,66,61,77,52,1,0,0,0,13,7,74,0,75,State_PSC
HEC,70,58,69,59,0,0,0,0,9,3,90,0,79,State_PSC
HEC,60,59,77,46,3,0,0,6,0,0,73,0,82,State_PSC
HEC,63,59,81,36,0,0,0,0,6,4,92,14,88,State_PSC
HEC,75,68,62,55,4,8,0,0,0,0,89,0,93,State_PSC
HEC,70,58,74,51,0,6,0,0,8,0,77,0,79,State_PSC
HEC,69,59,86,40,9,0,0,0,0,5,79,0,89,State_PSC
HEC,71,57,73,52,4,2,0,0,5,7,80,0,90,State_PSC
HEC,73,69,80,35,0,3,2,0,6,0,84,1,87,State_PSC
HEC,55,60,81,43,4,0,3,0,4,0,96,7,76,State_PSC
HEC,68,45,83,48,6,4,0,0,0,4,85,0,70,State_PSC
HEC,75,63,78,47,11,0,0,0,0,0,84,6,82,State_PSC
HEC,74,61,77,46,0,7,3,0,12,6,95,0,79,State_PSC
HEC,70,55,78,43,18,3,0,0,0,1,79,10,79,State_PSC
HEC,73,53,64,35,11,7,5,4,0,1,87,12,77,State_PSC
HEC,72,68,53,46,1,0,1,0,0,0,62,0,74,Banking
HEC,74,63,65,55,1,5,2,12,6,4,77,7,80,Banking
HEC,72,72,56,48,1,2,1,0,0,0,62,6,70,Banking
HEC,75,66,58,49,0,3,9,2,0,0,65,7,75,Banking
HEC,79,89,63,47,0,0,0,1,7,0,73,17,73,Banking
HEC,66,73,59,40,9,0,1,7,0,4,68,0,70,Banking
HEC,67,71,57,40,0,0,0,0,1,0,66,4,71,Banking
HEC,68,81,50,45,2,0,10,4,0,4,68,6,82,Banking
HEC,59,77,65,45,0,3,0,2,0,6,63,2,85,Banking
HEC,75,80,69,47,11,0,0,2,6,0,70,4,69,Banking
HEC,56,76,64,49,0,0,0,3,7,13,58,13,76,Banking
HEC,77,73,67,54,0,9,0,12,0,0,69,0,70,Banking
HEC,72,73,73,42,11,0,0,15,1,3,65,3,70,Banking
HEC,72,76,63,44,10,12,16,1,0,0,63,7,74,Banking
HEC,75,72,69,44,0,0,10,7,11,15,56,7,73,Banking
HEC,72,79,55,43,0,9,0,0,2,5,65,0,94,Banking
HEC,69,62,62,44,0,2,0,0,3,2,65,0,77,Banking
HEC,63,72,74,52,4,0,8,0,0,0,77,0,75,Banking
HEC,65,68,68,46,0,3,0,0,5,0,77,4,71,Banking
HEC,68,81,57,49,10,4,0,12,0,4,76,14,65,Banking
HEC,68,73,69,56,0,6,1,0,5,0,72,8,61,Banking
HEC,67,80,64,45,1,4,2,0,0,7,67,0,73,Banking
HEC,56,75,71,35,0,5,7,0,0,4,77,5,70,Banking
HEC,81,79,53,53,0,0,0,4,0,4,68,0,71,Banking
HEC,60,72,68,36,1,3,0,0,0,0,69,0,69,Banking
HEC,75,82,61,42,0,0,0,0,0,0,73,0,81,Banking
HEC,63,61,62,60,1,0,0,0,0,0,69,4,66,Banking
HEC,61,67,73,40,1,0,4,0,3,0,70,0,78,Banking
HEC,77,76,67,48,1,0,0,8,3,0,74,1,91,Banking
HEC,71,67,69,43,8,10,9,5,1,0,68,0,76,Banking
HEC,64,84,55,43,0,2,0,0,0,0,64,0,67,Banking
HEC,74,77,57,40,0,6,1,0,0,1,72,0,81,Banking
HEC,62,76,66,42,2,4,0,0,8,0,73,0,77,Banking
HEC,69,75,66,44,5,3,0,10,0,0,79,1,64,Banking
HEC,52,71,58,28,0,10,0,0,0,10,75,0,70,Banking
HEC,72,82,63,41,0,3,0,0,6,0,69,3,70,Banking
HEC,77,81,67,48,14,1,0,0,0,0,75,5,76,Banking
HEC,71,84,59,44,0,0,0,4,0,3,67,0,60,Banking
HEC,59,70,68,37,0,0,1,0,8,2,80,0,77,Banking
HEC,74,82,67,47,2,4,16,0,0,0,68,0,73,Banking
HEC,63,80,64,46,8,0,0,0,0,0,68,0,70,Banking
HEC,63,51,61,44,0,6,2,0,0,2,82,0,84,Banking
HEC,87,69,60,51,0,3,0,0,8,0,79,0,62,Banking
HEC,65,73,59,46,0,0,0,3,1,4,60,0,65,Banking
HEC,70,77,65,45,0,0,0,10,0,0,57,9,65,Banking
HEC,64,65,62,38,3,3,11,0,6,1,79,0,77,Banking
HEC,68,54,73,56,11,2,7,0,4,5,71,0,72,Banking
HEC,69,75,78,43,10,0,12,0,4,0,78,1,68,Banking
HEC,62,69,63,44,11,0,0,1,0,0,61,0,72,Banking
HEC,79,70,70,39,0,0,0,0,5,0,68,0,80,Banking
HEC,74,70,59,49,0,0,3,0,0,0,62,10,71,Banking
HEC,72,72,58,43,0,0,12,0,2,9,79,0,76,Banking
HEC,75,81,71,39,0,0,0,2,0,4,83,0,82,Banking
HEC,71,72,68,40,20,0,0,0,20,0,67,3,80,Banking
HEC,75,68,63,49,2,0,14,7,0,10,75,0,79,Banking
HEC,65,68,56,39,9,3,0,1,0,0,73,0,65,Banking
HEC,56,67,68,37,4,0,0,0,6,0,60,0,82,Banking
HEC,76,78,70,47,0,14,0,15,0,1,64,0,81,Banking
HEC,72,76,70,49,0,0,9,0,0,0,66,0,72,Banking
HEC,76,71,74,56,0,0,0,0,1,3,64,0,61,Banking
HEC,70,63,68,51,0,0,3,0,0,5,75,17,80,Banking
HEC,81,73,77,43,0,0,11,4,5,2,73,0,81,Banking
HEC,54,78,74,48,0,5,1,14,5,2,58,0,69,Banking
HEC,70,77,63,44,0,3,6,0,0,1,68,0,71,Banking
HEC,67,73,57,47,0,0,3,1,0,0,58,6,78,Banking
HEC,60,61,69,44,0,8,4,3,0,0,64,3,82,Banking
HEC,63,70,55,49,8,2,0,7,1,5,77,0,73,Banking
HEC,64,67,73,56,0,0,0,1,25,0,77,0,80,Banking
HEC,69,75,58,52,4,0,0,0,6,0,64,4,82,Banking
HEC,77,73,60,40,0,3,8,0,1,2,61,19,76,Banking
HEC,48,85,70,50,0,0,0,7,9,0,66,0,78,Banking
HEC,77,79,61,57,0,0,0,0,0,0,66,16,82,Banking
HEC,71,73,63,51,14,0,2,0,0,0,81,1,82,Banking
HEC,66,78,62,36,0,0,0,9,0,0,68,1,77,Banking
HEC,56,66,66,51,0,6,0,5,3,0,64,0,56,Banking
HEC,58,79,69,53,2,0,14,0,7,0,83,0,74,Banking
HEC,66,87,66,45,0,2,0,1,10,1,63,0,65,Banking
HEC,69,65,50,42,0,6,3,7,0,0,61,6,81,Banking
HEC,60,76,65,38,0,1,0,0,0,0,62,4,69,Banking
HEC,51,74,68,49,8,0,7,4,0,10,65,0,75,Banking
HEC,76,79,61,49,6,4,0,0,1,0,79,1,71,Banking
HEC,59,79,58,53,1,1,4,9,0,4,73,2,84,Banking
HEC,65,74,77,38,0,0,0,3,0,2,69,0,64,Banking
HEC,71,81,61,41,0,0,0,0,0,0,70,1,83,Banking
HEC,68,83,55,49,0,6,0,0,0,0,65,7,73,Banking
HEC,64,74,65,44,0,2,2,0,0,0,79,0,71,Banking
HEC,62,79,56,42,2,0,0,0,10,10,71,3,83,Banking
HEC,82,79,62,33,3,0,0,10,8,0,66,7,73,Banking
HEC,72,75,62,44,1,0,0,0,0,0,67,0,78,Banking
HEC,71,66,54,43,7,0,8,7,0,0,60,0,69,Banking
HEC,63,48,68,50,0,0,0,5,0,13,95,0,71,Defense
HEC,60,62,56,37,0,1,0,0,6,0,79,0,74,Defense
HEC,71,65,75,49,3,2,0,3,11,0,60,7,81,Defense
HEC,59,53,62,45,5,0,0,0,8,0,91,11,62,Defense
HEC,65,43,57,65,0,0,6,9,11,4,88,4,68,Defense
HEC,73,59,49,35,0,0,4,0,8,5,95,13,67,Defense
HEC,68,56,67,46,12,0,0,0,8,6,62,0,57,Defense
HEC,67,63,61,57,4,0,9,7,0,0,86,0,76,Defense
HEC,62,58,66,40,0,0,0,0,4,1,82,2,68,Defense
HEC,61,55,52,51,6,0,6,1,3,0,78,0,74,Defense
HEC,60,38,59,41,0,0,0,0,0,3,89,2,52,Defense
HEC,68,64,63,41,7,0,0,0,13,0,73,7,73,Defense
HEC,56,63,61,43,0,7,4,0,4,2,71,0,75,Defense
HEC,66,41,57,54,0,0,0,0,0,1,77,3,71,Defense
HEC,64,50,62,49,0,3,13,1,0,1,71,0,66,Defense
HEC,75,43,56,35,0,0,7,9,6,6,80,0,67,Defense
HEC,65,46,50,52,10,0,0,4,18,3,76,6,76,Defense
HEC,78,64,64,47,8,3,11,0,10,6,70,1,74,Defense
HEC,74,66,59,45,0,2,0,0,0,2,76,0,72,Defense
HEC,68,67,63,55,0,0,6,6,0,2,76,0,60,Defense
HEC,68,53,60,45,2,7,0,0,2,4,84,0,73,Defense
HEC,64,50,61,36,0,4,2,0,0,0,85,0,77,Defense
HEC,76,61,55,46,7,0,2,11,0,2,85,0,73,Defense
HEC,64,52,55,50,16,8,0,0,0,0,86,2,76,Defense
HEC,58,57,58,48,2,2,0,5,0,4,79,4,78,Defense
HEC,62,52,54,49,4,3,0,5,0,7,79,0,67,Defense
HEC,66,45,61,40,0,8,0,0,4,4,82,8,76,Defense
HEC,54,57,58,65,2,0,0,0,0,0,88,0,76,Defense
HEC,59,53,58,48,2,0,0,10,0,2,77,0,74,Defense
HEC,73,54,52,37,5,0,0,19,4,0,76,0,73,Defense
HEC,66,65,62,63,0,6,2,0,0,2,89,4,75,Defense
HEC,70,65,60,35,16,10,7,8,3,0,78,0,77,Defense
HEC,61,60,63,38,0,0,0,2,0,3,81,0,79,Defense
HEC,65,36,54,51,3,0,2,6,0,0,85,7,70,Defense
HEC,55,63,60,42,9,13,14,17,0,0,76,0,61,Defense
HEC,59,71,51,50,7,0,13,0,0,9,96,0,83,Defense
HEC,63,58,65,34,0,0,0,7,13,0,71,0,68,Defense
HEC,69,42,64,38,0,0,0,3,0,0,75,4,73,Defense
HEC,60,57,59,44,6,0,0,0,10,4,90,3,63,Defense
HEC,58,43,63,50,2,6,4,0,14,0,77,0,75,Defense
HEC,78,44,46,39,13,2,0,4,1,2,77,0,73,Defense
HEC,66,42,58,40,1,8,0,0,0,2,80,1,70,Defense
HEC,57,56,57,45,6,0,0,0,7,0,91,13,60,Defense
HEC,76,64,58,50,0,0,0,3,9,0,80,0,80,Defense
HEC,71,52,61,52,0,3,3,6,0,0,82,0,76,Defense
HEC,68,40,74,49,0,0,0,0,0,0,75,4,78,Defense
HEC,78,56,62,38,4,0,0,6,0,2,86,2,64,Defense
HEC,65,50,60,40,5,2,0,10,2,0,78,8,64,Defense
HEC,75,60,64,26,0,13,0,0,0,0,68,0,60,Defense
HEC,59,49,61,55,5,0,7,2,3,8,92,5,70,Defense
HEC,59,65,58,41,0,6,0,3,3,2,87,0,66,Defense
HEC,55,44,61,43,2,5,1,7,0,0,85,1,56,Defense
HEC,62,63,60,51,0,7,0,6,5,0,84,7,65,Defense
HEC,54,51,51,51,0,12,6,8,1,2,77,0,64,Defense
HEC,53,54,69,50,3,0,0,4,8,0,80,0,64,Defense
HEC,64,61,62,44,0,10,2,0,0,0,77,4,70,Defense
HEC,69,56,53,36,0,6,2,0,4,2,85,0,63,Defense
HEC,60,44,62,43,0,0,3,0,0,0,87,0,73,Defense
HEC,63,53,43,30,1,0,0,1,6,0,84,8,70,Defense
HEC,68,62,53,43,0,0,4,0,4,0,77,0,67,Defense
HEC,66,53,63,35,10,8,0,0,5,0,85,0,68,Defense
HEC,66,55,59,44,0,1,0,14,3,0,81,6,70,Defense
HEC,70,60,57,44,0,1,9,0,0,8,72,9,54,Defense
HEC,51,56,51,43,0,0,12,0,3,0,78,3,76,Defense
HEC,64,41,66,47,0,0,0,0,0,3,84,0,77,Defense
HEC,71,53,56,37,0,0,0,4,10,0,83,5,74,Defense
HEC,56,63,66,44,0,0,0,0,1,3,76,2,69,Defense
HEC,71,51,55,46,4,0,3,2,2,0,79,8,74,Defense
HEC,63,42,55,45,3,0,7,0,0,2,83,0,72,Defense
HEC,75,52,51,40,0,0,3,0,0,6,77,0,74,Defense
HEC,59,64,61,45,5,0,0,0,0,0,78,0,83,Defense
HEC,57,54,53,48,0,0,0,0,9,0,83,1,62,Defense
HEC,68,40,48,59,0,2,0,2,0,0,76,3,66,Defense
HEC,54,47,65,48,3,8,0,2,0,2,78,1,76,Defense
HEC,81,41,57,38,0,10,7,0,5,0,67,0,59,Defense
HEC,54,63,57,52,5,0,3,0,0,0,85,4,72,Defense
HEC,59,59,59,37,2,2,0,4,0,7,74,0,76,Defense
HEC,69,48,56,56,0,0,6,0,0,0,85,0,73,Defense
HEC,58,50,57,36,0,3,4,1,1,0,74,0,67,Defense
HEC,68,52,56,36,14,0,2,0,12,0,77,5,62,Defense
HEC,56,51,59,31,6,0,2,4,4,0,77,6,63,Defense
HEC,55,56,57,36,0,0,0,0,3,0,83,3,64,Defense
HEC,59,59,62,48,0,0,0,4,0,5,70,0,74,Defense
HEC,68,60,59,46,1,0,1,0,2,4,81,0,70,Defense
HEC,59,55,62,39,1,1,1,1,14,7,75,5,77,Defense
HEC,64,63,55,50,8,6,2,0,0,2,62,0,63,Defense
HEC,67,58,52,43,0,7,2,0,0,6,80,0,65,Defense
HEC,61,41,42,28,0,1,7,7,2,0,88,2,65,Defense
HEC,66,39,53,59,0,5,0,0,0,3,87,3,71,Defense
HEC,56,50,56,53,3,0,0,0,0,6,86,1,73,Defense
HEC,60,37,90,92,0,2,2,0,0,0,5,100,0,Journalism
HEC,63,37,87,85,3,0,0,0,2,2,0,100,14,Journalism
HEC,56,49,85,98,0,0,0,0,0,3,6,78,11,Journalism
HEC,60,57,82,91,0,0,3,0,9,0,0,98,5,Journalism
HEC,69,51,77,86,3,0,0,0,1,1,0,100,1,Journalism
HEC,58,44,85,91,0,6,9,1,0,0,0,100,0,Journalism
HEC,51,73,86,78,0,0,0,3,0,0,5,93,0,Journalism
HEC,58,44,98,93,0,14,9,2,4,0,4,97,9,Journalism
HEC,52,61,76,93,8,3,4,0,0,3,0,100,3,Journalism
HEC,68,37,84,92,10,0,5,16,6,0,5,100,3,Journalism
HEC,49,66,83,82,9,4,14,1,0,0,0,97,3,Journalism
HEC,58,45,99,96,0,0,0,0,0,2,0,98,0,Journalism
HEC,61,51,80,73,0,6,6,11,0,1,0,96,0,Journalism
HEC,55,53,64,81,0,4,2,7,0,4,1,96,13,Journalism
HEC,71,45,84,86,0,7,4,0,4,0,0,98,0,Journalism
HEC,62,46,91,87,0,0,16,3,4,0,6,89,1,Journalism
HEC,48,51,82,87,0,0,0,1,0,4,0,83,3,Journalism
HEC,62,43,91,84,11,1,9,18,0,2,0,98,10,Journalism
HEC,60,53,78,84,9,0,17,0,1,7,0,99,0,Journalism
HEC,42,53,84,82,1,10,3,0,4,1,0,85,16,Journalism
HEC,64,52,71,88,3,6,0,0,0,0,0,100,9,Journalism
HEC,68,47,92,99,12,0,0,0,0,0,1,95,0,Journalism
HEC,50,58,92,91,5,0,0,2,0,0,0,97,0,Journalism
HEC,52,53,84,98,0,1,0,0,3,0,0,88,0,Journalism
HEC,58,61,98,100,15,0,5,8,4,2,4,98,7,Journalism
HEC,54,62,76,81,0,3,3,0,0,0,0,100,1,Journalism
HEC,63,59,82,93,7,12,0,7,0,3,18,91,2,Journalism
HEC,53,47,74,82,0,2,0,0,0,5,0,90,0,Journalism
HEC,58,50,77,97,3,0,3,0,0,0,0,100,4,Journalism
HEC,56,57,87,78,2,16,9,0,0,0,0,93,0,Journalism
HEC,55,58,86,89,7,6,0,2,1,0,0,100,0,Journalism
HEC,57,38,80,89,12,0,6,2,10,9,0,100,15,Journalism
HEC,46,43,81,91,0,0,3,2,1,0,8,98,4,Journalism
HEC,45,47,88,81,12,0,0,0,0,0,4,93,0,Journalism
HEC,52,42,77,89,2,8,0,3,5,5,0,97,0,Journalism
HEC,54,49,82,91,0,5,1,0,6,10,21,98,0,Journalism
HEC,49,54,82,80,0,0,2,0,0,0,2,91,4,Journalism
HEC,48,31,88,82,4,0,1,0,2,0,0,100,0,Journalism
HEC,57,58,87,95,0,8,3,17,5,5,0,99,0,Journalism
HEC,62,45,78,81,5,5,0,0,5,0,5,88,4,Journalism
HEC,53,41,82,86,16,0,4,0,0,0,0,84,0,Journalism
HEC,59,48,77,97,2,0,0,0,11,0,0,86,5,Journalism
HEC,45,49,84,78,0,11,0,2,0,3,0,94,3,Journalism
HEC,63,55,92,94,6,0,0,2,6,9,6,97,6,Journalism
HEC,59,54,96,84,0,6,6,0,0,2,1,100,0,Journalism
HEC,67,45,85,95,1,4,6,0,0,9,8,93,2,Journalism
HEC,58,39,84,95,4,0,2,6,0,0,1,100,7,Journalism
HEC,55,41,78,90,12,0,0,0,0,7,0,93,6,Journalism
HEC,67,44,72,89,0,0,13,0,6,0,0,91,3,Journalism
HEC,44,56,81,91,0,0,0,2,0,0,0,99,0,Journalism
HEC,67,49,72,89,1,0,0,4,5,0,0,80,0,Journalism
HEC,48,48,93,86,2,0,0,0,0,0,7,90,0,Journalism
HEC,70,47,80,80,0,0,0,8,0,0,4,98,5,Journalism
HEC,55,55,88,98,13,4,8,10,2,0,0,100,0,Journalism
HEC,64,50,87,94,0,0,10,0,9,0,15,96,15,Journalism
HEC,58,59,75,92,3,0,12,0,8,2,0,95,0,Journalism
HEC,55,61,95,81,0,0,1,8,4,0,0,98,0,Journalism
HEC,62,42,79,81,9,0,0,4,6,0,0,100,4,Journalism
HEC,64,61,91,88,11,0,0,0,3,13,0,100,0,Journalism
HEC,50,42,77,84,0,0,0,7,0,5,5,99,0,Journalism
HEC,63,48,92,80,4,11,8,6,1,0,0,85,0,Journalism
HEC,69,38,92,95,0,1,0,0,4,2,7,97,0,Journalism
HEC,54,47,85,89,9,5,0,1,0,16,3,100,0,Journalism
HEC,69,46,90,93,5,0,0,0,0,0,2,95,9,Journalism
HEC,54,40,88,92,0,11,2,0,0,3,0,89,0,Journalism
HEC,69,45,93,92,0,1,0,0,0,0,0,96,0,Journalism
HEC,61,53,99,83,2,0,0,14,0,3,5,94,4,Journalism
HEC,55,39,89,100,0,3,0,1,10,0,0,88,0,Journalism
HEC,68,34,98,92,3,0,0,0,7,2,7,88,0,Journalism
HEC,60,53,82,87,0,2,0,0,0,2,5,100,0,Journalism
HEC,64,62,82,88,8,0,0,11,5,0,0,100,0,Journalism
HEC,64,45,73,90,0,11,0,8,0,0,3,94,0,Journalism
HEC,53,55,83,88,0,0,0,0,0,0,2,86,0,Journalism
HEC,65,56,94,87,0,0,0,0,0,10,0,89,0,Journalism
HEC,47,51,83,82,0,6,0,5,0,0,3,88,0,Journalism
HEC,67,52,88,89,0,4,12,0,10,1,0,97,0,Journalism
HEC,52,58,85,100,8,0,0,3,4,6,6,100,0,Journalism
HEC,51,49,70,89,0,16,0,3,0,0,0,93,0,Journalism
HEC,57,56,95,100,0,4,1,0,6,0,0,100,7,Journalism
HEC,59,47,86,98,0,0,0,0,0,7,0,99,9,Journalism
HEC,51,53,71,91,1,6,3,0,7,0,4,97,0,Journalism
HEC,64,37,83,93,1,6,0,0,0,0,0,96,9,Journalism
HEC,50,50,87,100,2,5,1,0,0,0,0,100,0,Journalism
HEC,67,53,85,92,0,4,0,0,3,10,0,90,6,Journalism
HEC,54,36,72,94,0,4,0,0,0,7,0,89,11,Journalism
HEC,58,51,74,79,4,7,0,7,0,7,1,98,9,Journalism
HEC,56,53,86,71,0,0,0,0,2,0,3,81,17,Journalism
HEC,56,54,68,89,5,0,22,3,0,2,0,94,6,Journalism
HEC,60,35,74,89,0,2,0,4,17,8,2,90,0,Journalism
HEC,53,50,71,90,0,0,7,13,0,0,0,86,6,Journalism
HEC,70,45,70,72,7,6,6,6,0,0,6,82,2,Psychology
HEC,75,48,78,69,0,6,3,6,0,4,3,86,3,Psychology
HEC,63,58,83,73,0,0,4,0,0,0,4,79,0,Psychology
HEC,58,62,85,67,0,4,6,8,0,7,0,92,5,Psychology
HEC,74,55,71,63,9,2,11,4,6,0,5,93,2,Psychology
HEC,60,63,84,70,0,2,11,6,0,13,0,80,0,Psychology
HEC,71,56,80,49,0,2,1,13,13,0,0,91,0,Psychology
HEC,66,61,90,71,7,7,1,0,2,7,0,85,0,Psychology
HEC,56,58,71,64,11,0,13,0,0,0,0,86,15,Psychology
HEC,66,61,68,71,3,5,8,8,0,9,0,90,0,Psychology
HEC,57,58,83,73,1,0,0,0,0,4,1,86,0,Psychology
HEC,68,58,65,69,9,3,12,2,0,0,0,89,0,Psychology
HEC,77,55,90,58,0,16,0,18,5,20,0,78,0,Psychology
HEC,72,48,73,83,5,0,0,11,0,0,0,88,0,Psychology
HEC,57,35,61,76,0,0,5,0,1,0,5,78,0,Psychology
HEC,68,57,78,72,0,3,5,0,1,4,0,80,9,Psychology
HEC,63,51,68,83,3,0,6,7,0,0,8,78,0,Psychology
HEC,61,52,84,71,7,2,6,0,10,0,12,78,4,Psychology
HEC,73,47,77,65,8,6,4,0,0,4,0,69,0,Psychology
HEC,67,54,81,73,0,10,0,0,3,2,12,74,15,Psychology
HEC,63,43,82,67,0,0,0,0,2,0,8,88,0,Psychology
HEC,71,57,80,68,0,0,0,2,0,0,0,83,4,Psychology
HEC,66,52,76,73,4,19,15,7,0,0,0,77,0,Psychology
HEC,68,42,75,62,0,0,1,4,0,7,7,91,18,Psychology
HEC,69,58,75,76,7,0,0,4,0,3,0,83,0,Psychology
HEC,68,53,88,64,0,0,0,7,3,0,4,92,0,Psychology
HEC,77,70,87,59,0,0,8,15,3,0,0,82,0,Psychology
HEC,72,55,85,80,0,8,1,0,0,7,0,85,0,Psychology
HEC,70,55,76,57,1,8,0,4,1,7,0,88,2,Psychology
HEC,64,59,83,68,0,0,0,0,0,0,4,89,0,Psychology
HEC,63,51,74,65,2,0,0,4,0,3,5,71,1,Psychology
HEC,54,53,90,75,3,0,0,10,4,7,0,82,1,Psychology
HEC,72,34,84,74,0,0,0,0,0,5,5,80,0,Psychology
HEC,70,48,88,68,0,14,0,8,5,0,0,71,0,Psychology
HEC,71,47,79,69,0,1,0,2,0,0,17,86,0,Psychology
HEC,70,55,75,67,1,0,0,12,11,2,11,91,0,Psychology
HEC,56,49,72,64,6,0,0,7,0,1,0,90,6,Psychology
HEC,60,54,88,59,2,0,3,0,0,8,0,79,8,Psychology
HEC,58,53,77,69,9,0,0,0,0,8,0,85,1,Psychology
HEC,52,63,71,63,0,2,2,0,0,14,0,92,0,Psychology
HEC,67,54,85,65,0,0,0,6,4,12,16,78,0,Psychology
HEC,60,58,78,63,4,7,0,0,0,7,0,77,8,Psychology
HEC,67,48,78,70,0,4,0,8,5,3,2,84,10,Psychology
HEC,69,62,83,64,11,0,6,0,0,7,0,83,14,Psychology
HEC,73,59,83,69,0,2,0,0,0,4,0,86,8,Psychology
HEC,58,58,82,73,7,0,12,11,0,4,0,91,3,Psychology
HEC,51,44,87,80,0,3,6,0,0,11,0,82,7,Psychology
HEC,61,60,80,65,0,0,0,6,0,0,0,92,0,Psychology
HEC,70,47,76,73,0,0,3,0,0,0,0,79,0,Psychology
HEC,61,52,83,84,0,0,6,0,8,0,0,86,4,Psychology
HEC,76,53,91,72,0,0,0,0,0,0,13,88,0,Psychology
HEC,54,56,83,69,0,0,7,0,0,5,0,93,0,Psychology
HEC,56,61,75,73,7,0,0,5,0,7,1,86,6,Psychology
HEC,62,65,83,69,0,17,0,0,8,0,1,86,0,Psychology
HEC,54,50,88,61,0,1,0,3,0,8,0,91,17,Psychology
HEC,66,53,68,69,8,11,7,7,0,0,1,90,2,Psychology
HEC,74,49,78,69,3,12,0,0,8,0,0,79,0,Psychology
HEC,52,57,84,74,0,7,0,0,0,0,0,89,0,Psychology
HEC,82,53,71,75,4,0,8,6,0,0,0,87,0,Psychology
HEC,67,59,89,80,0,0,3,0,1,1,7,91,0,Psychology
HEC,64,46,79,62,10,3,3,0,7,0,0,86,5,Psychology
HEC,64,54,94,62,1,2,10,11,6,0,0,85,0,Psychology
HEC,64,47,70,87,0,10,0,5,0,0,2,82,4,Psychology
HEC,77,53,91,70,1,0,0,0,2,3,0,88,4,Psychology
HEC,71,55,74,81,0,0,2,4,0,5,4,97,0,Psychology
HEC,56,53,68,70,0,17,15,2,5,1,0,89,2,Psychology
HEC,64,49,78,71,1,0,0,5,0,6,0,72,0,Psychology
HEC,64,53,89,70,0,0,1,0,0,12,0,79,0,Psychology
HEC,56,47,88,57,0,1,4,1,0,0,0,77,0,Psychology
HEC,66,65,79,66,5,0,1,0,0,4,11,82,3,Psychology
HEC,68,45,78,62,0,0,0,9,0,0,0,71,0,Psychology
HEC,54,51,92,62,0,0,9,0,0,6,1,84,0,Psychology
HEC,70,57,89,65,0,3,0,0,3,1,13,77,18,Psychology
HEC,58,75,74,74,0,10,7,0,0,0,0,86,5,Psychology
HEC,56,60,92,65,0,0,0,10,0,0,0,86,1,Psychology
HEC,66,60,96,57,0,15,2,3,0,3,3,86,0,Psychology
HEC,53,58,74,70,4,1,4,0,11,0,0,91,4,Psychology
HEC,66,59,75,90,8,0,5,0,3,12,4,85,2,Psychology
HEC,64,48,79,68,2,8,0,0,2,0,3,89,0,Psychology
HEC,64,45,79,74,0,2,0,9,0,1,1,96,0,Psychology
HEC,59,38,84,72,0,0,0,0,0,0,3,77,0,Psychology
HEC,69,56,82,79,0,3,1,0,5,0,10,87,15,Psychology
HEC,68,65,91,60,0,5,13,0,0,0,0,71,4,Psychology
HEC,49,42,71,67,0,0,3,3,0,4,11,84,0,Psychology
HEC,67,46,85,72,0,0,3,0,4,11,0,75,4,Psychology
HEC,58,57,78,69,0,0,0,3,8,1,0,83,0,Psychology
HEC,68,41,81,77,12,0,0,0,0,4,0,88,0,Psychology
HEC,66,54,85,79,1,0,1,12,8,0,0,82,0,Psychology
HEC,57,58,83,71,11,8,1,7,10,10,0,87,14,Psychology
HEC,69,55,86,62,2,0,0,0,0,0,2,90,3,Psychology
HEC,54,33,77,100,0,23,0,2,1,0,0,100,0,Fine_Arts
HEC,40,41,62,92,0,0,0,0,0,0,3,94,1,Fine_Arts
HEC,49,45,62,95,0,0,8,9,0,4,0,99,14,Fine_Arts
HEC,41,54,78,100,0,3,0,0,0,4,4,96,14,Fine_Arts
HEC,56,44,64,82,0,0,0,0,10,0,0,97,4,Fine_Arts
HEC,64,39,74,84,5,0,8,6,7,10,0,93,0,Fine_Arts
HEC,51,46,69,92,2,3,6,0,4,2,7,96,4,Fine_Arts
HEC,41,45,68,87,0,0,0,10,0,4,0,91,0,Fine_Arts
HEC,53,44,85,85,0,0,0,2,0,0,2,92,0,Fine_Arts
HEC,48,42,61,94,0,0,0,0,10,4,1,100,5,Fine_Arts
HEC,38,37,66,91,2,0,6,0,0,3,10,90,3,Fine_Arts
HEC,52,36,64,86,0,2,0,1,0,2,2,100,0,Fine_Arts
HEC,55,42,58,96,0,0,0,7,0,5,11,95,0,Fine_Arts
HEC,48,56,55,97,0,22,0,3,6,7,0,93,1,Fine_Arts
HEC,54,50,57,98,0,2,0,0,3,0,1,94,0,Fine_Arts
HEC,56,39,76,82,0,1,4,0,2,0,2,100,0,Fine_Arts
HEC,69,46,77,100,2,0,1,0,0,1,1,94,7,Fine_Arts
HEC,50,46,75,100,0,7,0,4,9,0,0,95,0,Fine_Arts
HEC,55,45,62,89,17,8,0,4,1,13,1,100,0,Fine_Arts
HEC,57,43,66,100,4,0,11,0,0,0,0,95,3,Fine_Arts
HEC,48,37,77,100,0,4,0,0,10,11,0,98,0,Fine_Arts
HEC,52,48,68,98,0,3,2,0,14,10,0,100,0,Fine_Arts
HEC,51,48,78,97,0,2,4,9,6,2,1,100,0,Fine_Arts
HEC,51,49,71,92,0,3,0,0,2,0,0,100,3,Fine_Arts
HEC,62,64,78,88,0,5,5,0,0,0,0,92,0,Fine_Arts
HEC,48,59,66,91,5,6,5,0,0,3,0,91,6,Fine_Arts
HEC,67,43,62,95,0,0,0,0,9,0,0,98,10,Fine_Arts
HEC,58,55,71,100,0,0,7,5,2,0,0,100,0,Fine_Arts
HEC,55,35,79,76,0,1,3,0,4,1,0,96,1,Fine_Arts
HEC,52,43,66,95,0,5,5,3,2,0,2,100,0,Fine_Arts
HEC,51,47,63,87,0,3,3,1,0,0,0,100,8,Fine_Arts
HEC,50,32,75,100,0,4,0,0,0,0,0,90,0,Fine_Arts
HEC,57,51,76,92,12,6,14,0,0,8,0,100,5,Fine_Arts
HEC,64,50,67,98,0,14,6,12,6,6,0,85,0,Fine_Arts
HEC,65,38,75,94,0,0,4,0,0,0,0,94,7,Fine_Arts
HEC,51,39,74,94,4,2,3,5,0,2,13,100,0,Fine_Arts
HEC,55,41,71,100,4,0,0,6,1,3,0,100,0,Fine_Arts
HEC,55,40,68,84,9,0,0,2,8,2,7,100,4,Fine_Arts
HEC,47,51,59,98,0,0,11,7,5,0,1,96,3,Fine_Arts
HEC,57,54,69,96,0,0,22,7,0,0,0,100,0,Fine_Arts
HEC,54,40,85,100,0,0,0,7,0,0,9,90,2,Fine_Arts
HEC,60,37,62,92,0,5,0,0,8,0,11,100,2,Fine_Arts
HEC,50,47,66,96,7,4,0,11,4,0,7,99,4,Fine_Arts
HEC,55,47,76,96,0,0,1,0,8,0,3,91,9,Fine_Arts
HEC,52,57,62,95,0,0,0,0,3,10,0,98,2,Fine_Arts
HEC,61,46,68,99,0,0,0,0,1,5,0,89,12,Fine_Arts
HEC,60,43,68,96,2,0,0,0,26,0,7,100,1,Fine_Arts
HEC,57,44,78,89,0,6,0,0,2,16,12,100,13,Fine_Arts
HEC,59,33,69,100,1,5,2,7,0,0,6,100,0,Fine_Arts
HEC,55,38,67,86,4,0,1,0,2,0,0,94,4,Fine_Arts
HEC,66,32,69,100,4,2,1,0,0,0,0,100,0,Fine_Arts
HEC,46,46,70,93,5,0,1,0,0,0,0,98,7,Fine_Arts
HEC,55,41,68,95,10,0,0,0,0,9,2,99,0,Fine_Arts
HEC,46,48,68,100,1,0,12,2,0,0,0,88,0,Fine_Arts
HEC,47,48,64,97,0,0,2,6,0,9,10,100,3,Fine_Arts
HEC,53,40,70,100,10,1,0,0,0,4,0,92,0,Fine_Arts
HEC,43,53,64,97,6,0,6,12,0,0,0,100,0,Fine_Arts
HEC,49,38,71,93,0,0,6,1,7,0,6,100,0,Fine_Arts
HEC,56,50,79,84,2,0,0,7,0,0,10,90,0,Fine_Arts
HEC,56,42,61,100,4,18,0,3,0,0,0,99,0,Fine_Arts
HEC,47,43,69,99,0,0,9,0,2,3,0,100,3,Fine_Arts
HEC,68,48,70,92,0,0,0,8,0,0,0,91,2,Fine_Arts
HEC,64,36,78,100,4,16,0,0,0,0,0,100,1,Fine_Arts
HEC,58,42,71,100,0,0,0,1,0,0,0,92,0,Fine_Arts
HEC,64,52,60,99,0,0,9,0,0,0,6,99,0,Fine_Arts
HEC,45,35,71,97,10,0,0,0,10,5,0,92,0,Fine_Arts
HEC,58,37,74,100,0,4,0,0,0,0,0,96,0,Fine_Arts
HEC,58,51,70,93,0,11,13,0,1,0,0,100,0,Fine_Arts
HEC,60,36,69,87,6,0,6,0,5,3,4,100,0,Fine_Arts
HEC,50,43,63,88,0,0,1,6,0,3,0,100,6,Fine_Arts
HEC,60,44,64,93,3,0,8,0,4,0,2,100,0,Fine_Arts
HEC,60,34,71,93,8,7,18,0,0,0,3,92,0,Fine_Arts
HEC,57,52,62,88,0,0,8,0,0,0,0,92,0,Fine_Arts
HEC,61,41,80,94,0,9,5,1,0,13,0,100,0,Fine_Arts
HEC,64,43,82,93,0,0,5,0,0,0,0,98,11,Fine_Arts
HEC,58,41,69,96,4,0,5,10,16,0,0,90,0,Fine_Arts
HEC,50,38,72,99,8,0,14,0,6,0,0,100,12,Fine_Arts
HEC,61,42,77,98,0,0,7,0,0,5,0,92,2,Fine_Arts
HEC,50,55,66,85,0,8,0,4,0,0,0,89,3,Fine_Arts
HEC,51,37,73,100,0,0,0,0,0,1,8,99,0,Fine_Arts
HEC,56,35,67,95,0,0,1,0,0,0,1,89,0,Fine_Arts
HEC,47,43,77,98,0,0,0,1,4,0,0,100,0,Fine_Arts
HEC,59,41,67,91,0,0,1,0,0,3,0,89,3,Fine_Arts
HEC,66,57,72,94,6,0,6,0,3,6,0,98,0,Fine_Arts
HEC,58,50,63,86,4,0,10,7,3,3,0,91,6,Fine_Arts
HEC,49,51,73,95,0,0,0,11,0,0,6,99,0,Fine_Arts
HEC,53,45,68,97,0,0,4,0,5,1,1,100,9,Fine_Arts
HEC,63,28,85,76,0,0,0,1,10,3,0,96,1,Fine_Arts
HEC,59,44,68,87,2,0,0,0,0,12,0,91,0,Fine_Arts
HEC,50,47,78,99,1,6,22,0,0,16,0,100,0,Fine_Arts
